,comment,rating,blind,is_deleted,menu_items,level,menu_summary,like_count,is_mine_review,phone,rating_quantity,rating_taste,is_mine_like,rating_delivery,clean,time,review_images,nickname,id,is_menu_visible,owner_reply,owner_reply.comment,owner_reply.created_at,owner_reply.id
0,겉바속촉!! 너무 맛잇엇어요,5,False,False,"[{'ingredients': [], 'id': 94184310, 'name': '포테킹 후라이드'}]",3,포테킹 후라이드/1,0,False,jg**,5,5,False,5.0,True,2021-05-03 20:12:17,[],jg**,42777827,True,,,,
1,"뿌링소떡만 포장했는데 너무 친절하셨어요
포장도 종종 애용하려구요 번창하세요~!",5,False,False,"[{'ingredients': [], 'id': 41765494, 'name': '뿌링소떡'}]",2,뿌링소떡/1,0,False,jm**,5,5,False,0.0,True,2021-04-20 18:02:23,[],jm**,42164265,True,,,,
2,뿌링클 😊😊😊 존맛,5,False,False,"[{'ingredients': ['변경&추가 : 맵소사소스 추가', '디저트 : 빨간소떡'], 'id': 41765070, 'name': '뿌링클'}]",2,"뿌링클/1(변경&추가(맵소사소스 추가),디저트(빨간소떡))",0,False,14**,5,5,False,5.0,True,2021-04-18 19:08:52,[],14**,42084407,True,,,,
3,"원래 시켜먹던곳인데
이번에 4000원할인받아서 먹었는데..
가슴살은 식감이 고무처럼 질겼어요ㅠ",2,False,False,"[{'ingredients': [], 'id': 41764983, 'name': '후라이드 반／양념 반'}]",1,후라이드 반／양념 반/1,0,False,ha**,2,2,False,2.0,True,2021-04-12 15:28:56,[],ha**,41802522,True,,,,
4,뿌링클은.. 못참지..,5,False,False,"[{'ingredients': [], 'id': 41765187, 'name': '뿌링클 콤보'}]",1,뿌링클 콤보/1,0,False,dk**,5,5,False,5.0,True,2021-04-11 20:01:23,"[{'full': 'https://rev-static.yogiyo.co.kr/d655861035ab50d7a1859a27cab13b0c.jpg', 'thumb': 'https://rev-static.yogiyo.co.kr/d655861035ab50d7a1859a27cab13b0c_tn.jpg'}]",dk**,41770629,True,,,,
5,"뿌링소스가 빠졌는데 인지도 못하고 있다가 먹을려고 할때 뒤늦게 알게됐는데, 바로 미리 집앞에 오셔서 연락주시더라구요 알아서 잘 챙겨주셔서 감사했어요 지난번에도 먹었었는데 역시나 맛있었어요! 딸 아이가 제일 많이 먹었답니다 아이가 자다가 깨서 정신없어서 치킨 사진은 찍지를 못했네요ㅠㅠ",5,False,False,"[{'ingredients': ['변경&추가 : 뿌링뿌링소스 추가'], 'id': 94184300, 'name': '포테킹 후라이드＋뿌링소떡'}]",1,포테킹 후라이드＋뿌링소떡/1(변경&추가(뿌링뿌링소스 추가)),0,False,mj**,4,4,False,5.0,True,2021-04-11 08:50:20,"[{'full': 'https://rev-static.yogiyo.co.kr/25f532559456495c67b6ed36baab3fe3.jpg', 'thumb': 'https://rev-static.yogiyo.co.kr/25f532559456495c67b6ed36baab3fe3_tn.jpg'}]",mj**,41733654,True,,,,
6,"배달도 빠르고
맛있게 잘먹었어요",5,False,False,"[{'ingredients': [], 'id': 41765424, 'name': '맛초킹＋치즈볼'}]",1,맛초킹＋치즈볼/1,0,False,gr**,5,5,False,5.0,True,2021-04-09 21:52:11,[],gr**,41669485,True,,,,
7,빠른배달 감사합니다,5,False,False,"[{'ingredients': [], 'id': 41764983, 'name': '후라이드 반／양념 반'}]",1,후라이드 반／양념 반/1,0,False,ar**,5,5,False,5.0,True,2021-04-09 19:37:32,[],ar**,41658840,True,,,,
8,잘먹었습니다 바싹하게,5,False,False,"[{'ingredients': [], 'id': 94184310, 'name': '포테킹 후라이드'}]",1,포테킹 후라이드/1,0,False,sk**,5,5,False,5.0,True,2021-04-08 19:56:04,[],sk**,41619922,True,,,,
9,바삭바삭  맛있어요,5,False,False,"[{'ingredients': [], 'id': 41764987, 'name': '후라이드'}]",1,후라이드/1,0,False,if**,5,5,False,5.0,True,2021-04-07 20:48:44,"[{'full': 'https://rev-static.yogiyo.co.kr/54c7112e5fe57c9cbffe67177f61e83a.jpg', 'thumb': 'https://rev-static.yogiyo.co.kr/54c7112e5fe57c9cbffe67177f61e83a_tn.jpg'}]",if**,41584659,True,,,,
10,너무 맛있습니다. 배달도 빨라요,5,False,False,"[{'ingredients': [], 'id': 41765070, 'name': '뿌링클'}]",3,뿌링클/1,0,False,rb**,5,5,False,5.0,True,2021-04-07 12:26:37,"[{'full': 'https://rev-static.yogiyo.co.kr/c5004d5840e0229ca083a4d4f2c9546a.jpg', 'thumb': 'https://rev-static.yogiyo.co.kr/c5004d5840e0229ca083a4d4f2c9546a_tn.jpg'}]",rb**,41562835,True,,,,
11,뿌링클 맛집입니다. 늘 가루 듬뿍 뿌려주셔서 감사합니다.,5,False,False,"[{'ingredients': [], 'id': 41765070, 'name': '뿌링클'}]",3,뿌링클/1,0,False,rb**,5,5,False,5.0,True,2021-04-07 12:25:25,"[{'full': 'https://rev-static.yogiyo.co.kr/6585b38b1ab50c3ac5aa3bf0c05abc0d.jpg', 'thumb': 'https://rev-static.yogiyo.co.kr/6585b38b1ab50c3ac5aa3bf0c05abc0d_tn.jpg'}]",rb**,41562782,True,,,,
12,👏🏻👏🏻👏🏻👏🏻👏🏻👏🏻👏🏻👏🏻👏🏻👏🏻,5,False,False,"[{'ingredients': [], 'id': 41765185, 'name': '뿌링클 윙'}]",2,뿌링클 윙/1,0,False,mi**,5,5,False,5.0,True,2021-04-04 19:52:21,[],mi**,41461499,True,,,,
13,맛있었습니다~~ 닭가슴살도 부드럽구,5,False,False,"[{'ingredients': [], 'id': 41764983, 'name': '후라이드 반／양념 반'}]",1,후라이드 반／양념 반/1,0,False,ha**,5,5,False,5.0,True,2021-04-04 09:06:39,[],ha**,41424777,True,,,,
14,"빠른배달 너무 좋아요~~~
주말엔 역쉬  bhc 짱짱!!!!!",5,False,False,"[{'ingredients': [], 'id': 94184310, 'name': '포테킹 후라이드'}, {'ingredients': [], 'id': 41765152, 'name': '맛초킹 콤보'}, {'ingredients': [], 'id': 41765488, 'name': '뿌링치즈볼'}]",1,"포테킹 후라이드/1,맛초킹 콤보/1,뿌링치즈볼/1",0,False,di**,4,5,False,5.0,True,2021-04-03 14:54:38,[],di**,41378501,True,,,,
15,항상 잘 먹고 있습니다. ㅎ,5,False,False,"[{'ingredients': [], 'id': 41764985, 'name': '핫후라이드'}]",1,핫후라이드/1,0,False,tk**,5,5,False,0.0,True,2021-03-31 14:18:41,[],tk**,41241127,True,,,,
16,오랜만에 뿌링클시켜줬더니 좋아하더라구요~,5,False,False,"[{'ingredients': [], 'id': 41765070, 'name': '뿌링클'}]",3,뿌링클/1,0,False,hh**,5,5,False,5.0,True,2021-03-30 16:54:11,"[{'full': 'https://rev-static.yogiyo.co.kr/956128a8575aa065a365dbc857157761.jpg', 'thumb': 'https://rev-static.yogiyo.co.kr/956128a8575aa065a365dbc857157761_tn.jpg'}]",hh**,41206399,True,,,,
17,양도많고 바삭하고 배달도 빨라요!!,5,False,False,"[{'ingredients': [], 'id': 41764987, 'name': '후라이드'}]",3,후라이드/1,0,False,km**,5,5,False,5.0,True,2021-03-28 20:08:44,"[{'full': 'https://rev-static.yogiyo.co.kr/e85c12370e99cd41883791f471bc1c75.jpg', 'thumb': 'https://rev-static.yogiyo.co.kr/e85c12370e99cd41883791f471bc1c75_tn.jpg'}]",km**,41126608,True,,,,
18,"맛있었어요ㅎ
순살이라 먹기도 간편하고!
그런데 여긴 치킨무가 기본이 아니군요ㅠㅠ
추가 주문해야하는줄 몰랐네요
그래서 집에있던 야채랑 같이먹었어요ㄷㄷ
뿌링클소스랑 같이 먹으니 더 맛있습니다ㅎ",5,False,False,"[{'ingredients': ['변경&추가 : 뿌링뿌링소스 추가', '디저트 : 케이준프라이'], 'id': 41764968, 'name': '바삭클순살'}]",1,"바삭클순살/1(변경&추가(뿌링뿌링소스 추가),디저트(케이준프라이))",0,False,on**,5,5,False,5.0,True,2021-03-28 00:51:59,[],on**,41079093,True,,"고객님
치킨무가 빠졌군요
치킨무 서비스로 드리는거 맞아요
그때 실수가 있었나봐요
전화 주셨으면 바로 출동했을건데 ㅜ
담번에 메모 남겨주시면 무 2개랑
또 서비스도 챙겨드릴게요
담에 실수 없도록 주의하겠습니다
",2021-03-28 16:06:34,14696467.0
19,"배달도 빠르고
맛있게 잘먹었어요",5,False,False,"[{'ingredients': ['디저트 : 달콤바삭치즈볼'], 'id': 41765049, 'name': '맛초킹'}]",1,맛초킹/1(디저트(달콤바삭치즈볼)),0,False,gr**,5,5,False,5.0,True,2021-03-21 19:40:26,[],gr**,40759757,True,,,,
20,또 먹을게요. 단골예정,5,False,False,"[{'ingredients': [], 'id': 41765170, 'name': '골드킹 콤보'}]",3,골드킹 콤보/1,0,False,ku**,5,5,False,0.0,True,2021-03-21 15:03:03,[],ku**,40736646,True,,,,
21,아이들이 너무 좋아하는 맛이예요. 양이 많으면 더 좋아할텐데~,1,False,False,"[{'ingredients': [], 'id': 41765070, 'name': '뿌링클'}, {'ingredients': [], 'id': 41764983, 'name': '후라이드 반／양념 반'}]",2,"뿌링클/1,후라이드 반／양념 반/1",0,False,bi**,2,2,False,2.0,True,2021-03-17 16:50:37,[],bi**,40528895,True,,,,
22,맛있습니다 뿌링클 추천,5,False,False,"[{'ingredients': [], 'id': 41765187, 'name': '뿌링클 콤보'}]",2,뿌링클 콤보/1,0,False,tl**,5,5,False,5.0,True,2021-03-17 10:12:41,[],tl**,40514875,True,,,,
23,골드킹 간장소스 너무잘먹었습니다~^^,5,False,False,"[{'ingredients': [], 'id': 41765170, 'name': '골드킹 콤보'}]",1,골드킹 콤보/1,0,False,ha**,5,5,False,5.0,True,2021-03-15 17:01:44,[],ha**,40444203,True,,,,
24,맛있네요 다음에 또 시킬게요,5,False,False,"[{'ingredients': [], 'id': 41765170, 'name': '골드킹 콤보'}]",3,골드킹 콤보/1,0,False,ku**,5,5,False,0.0,True,2021-03-14 22:19:19,[],ku**,40417702,True,,,,
25,역시 맛있네요👍👍👍👍,5,False,False,"[{'ingredients': ['변경&추가 : 뿌링뿌링소스 추가'], 'id': 41765070, 'name': '뿌링클'}, {'ingredients': [], 'id': 41764953, 'name': '양념치킨'}]",2,"뿌링클/1(변경&추가(뿌링뿌링소스 추가)),양념치킨/1",0,False,cy**,5,5,False,5.0,True,2021-03-11 23:45:42,"[{'full': 'https://rev-static.yogiyo.co.kr/dc2567881ec6c1972cd2c41140d19ada.jpg', 'thumb': 'https://rev-static.yogiyo.co.kr/dc2567881ec6c1972cd2c41140d19ada_tn.jpg'}]",cy**,40245896,True,,,,
26,배달빠르게 왓어요 튀김이 참좋앗어요좋은기름으로사용하신 사장님감사이잘먹엇어요.ㅠ,5,False,False,"[{'ingredients': [], 'id': 41764983, 'name': '후라이드 반／양념 반'}]",1,후라이드 반／양념 반/1,0,False,ky**,4,4,False,5.0,True,2021-03-11 10:35:39,"[{'full': 'https://rev-static.yogiyo.co.kr/7ec6eefa9700f4f0f4890e879af885f6.jpg', 'thumb': 'https://rev-static.yogiyo.co.kr/7ec6eefa9700f4f0f4890e879af885f6_tn.jpg'}]",ky**,40207833,True,,,,
27,"할인해서 저렴하게 먹었네요
콤보 먹기 좋아요~",5,False,False,"[{'ingredients': [], 'id': 41765187, 'name': '뿌링클 콤보'}]",3,뿌링클 콤보/1,0,False,hh**,5,5,False,5.0,True,2021-03-07 15:50:03,"[{'full': 'https://rev-static.yogiyo.co.kr/86fadecae862107ff8c7aabf2f85cdde.jpg', 'thumb': 'https://rev-static.yogiyo.co.kr/86fadecae862107ff8c7aabf2f85cdde_tn.jpg'}]",hh**,40031355,True,,,,
28,"언제나 맛있는 연경점 뿌링클
치즈볼 쭉쭉 늘어나요 굿
오늘은 치킨 바삭함이 좀 덜했어요",5,False,False,"[{'ingredients': ['디저트 : 달콤바삭치즈볼'], 'id': 41765187, 'name': '뿌링클 콤보'}]",1,뿌링클 콤보/1(디저트(달콤바삭치즈볼)),0,False,02**,5,5,False,5.0,True,2021-03-04 20:45:09,"[{'full': 'https://rev-static.yogiyo.co.kr/a56ea21a0fe70a6fdb50f734981dda76.jpg', 'thumb': 'https://rev-static.yogiyo.co.kr/a56ea21a0fe70a6fdb50f734981dda76_tn.jpg'}]",02**,39898494,True,,,,
29,배송도빠르고 좋아요,5,False,False,"[{'ingredients': ['변경&추가 : 뿌링뿌링소스 추가'], 'id': 41765070, 'name': '뿌링클'}]",2,뿌링클/1(변경&추가(뿌링뿌링소스 추가)),0,False,km**,5,5,False,5.0,True,2021-02-18 16:37:48,[],km**,39198929,True,,,,
30,"빨리 배송되어서 좋았어요.
뿌링클 넘 맛있어요^^
가루가 조금 더 있음 좋겠지만 먹다보니 바닥에 가루로도 괜찮았어요.",5,False,False,"[{'ingredients': ['디저트 : 뿌링감자'], 'id': 41765342, 'name': '뿌링클＋뿌링치즈볼'}]",2,뿌링클＋뿌링치즈볼/1(디저트(뿌링감자)),0,False,ej**,5,5,False,5.0,True,2021-02-09 20:00:51,"[{'full': 'https://rev-static.yogiyo.co.kr/6a37d11d134a31fe3ac0875c4133691b.jpg', 'thumb': 'https://rev-static.yogiyo.co.kr/6a37d11d134a31fe3ac0875c4133691b_tn.jpg'}]",ej**,38817548,True,,,,
31,깔끔한 맛과 넉넉한 양으로 잘 먹었습니다.꿀호떡도 맛있네요.,5,False,False,"[{'ingredients': ['디저트 : 꿀호떡', '옵션 : 콜라1.25L, 양념소스'], 'id': 94184310, 'name': '포테킹 후라이드'}]",2,"포테킹 후라이드/1(디저트(꿀호떡),옵션(콜라1.25L,양념소스))",0,False,k5**,5,5,False,5.0,True,2021-02-07 18:58:26,"[{'full': 'https://rev-static.yogiyo.co.kr/0f7c7448f9d5fa648e41205e8252bc40.jpg', 'thumb': 'https://rev-static.yogiyo.co.kr/0f7c7448f9d5fa648e41205e8252bc40_tn.jpg'}]",k5**,38725476,True,,,,
32,"BBQ 먹다가 BHC로 옮겼어요~.
양 맛 모두 맘에 들어요.",5,False,False,"[{'ingredients': [], 'id': 94184310, 'name': '포테킹 후라이드'}, {'ingredients': [], 'id': 41765049, 'name': '맛초킹'}]",3,"포테킹 후라이드/1,맛초킹/1",0,False,bi**,4,5,False,5.0,True,2021-02-04 13:09:03,[],bi**,38549215,True,,,,
33,바삭하니 맛있네요 잘 먹었습니다,5,False,False,"[{'ingredients': [], 'id': 94184310, 'name': '포테킹 후라이드'}]",1,포테킹 후라이드/1,1,False,c7**,5,5,False,5.0,True,2021-02-02 15:42:17,"[{'full': 'https://rev-static.yogiyo.co.kr/802dc52f43e7c447b504cb9fc8627ff8.jpg', 'thumb': 'https://rev-static.yogiyo.co.kr/802dc52f43e7c447b504cb9fc8627ff8_tn.jpg'}]",c7**,38473476,True,,,,
34,포테킹 할인하길래 시켜봤는데 바싹하니 맛있네요,5,False,False,"[{'ingredients': [], 'id': 94184310, 'name': '포테킹 후라이드'}, {'ingredients': [], 'id': 41765243, 'name': '코카-콜라 1.25L'}]",1,"포테킹 후라이드/1,코카-콜라 1.25L/1",1,False,kh**,5,5,False,5.0,True,2021-01-31 22:01:19,[],kh**,38412612,True,,,,
35,바싹하고 맛 있네요  애들이 좋아하네요,5,False,False,"[{'ingredients': [], 'id': 94184304, 'name': '포테킹 후라이드＋뿌링치즈볼'}]",1,포테킹 후라이드＋뿌링치즈볼/1,1,False,fo**,5,5,False,5.0,True,2021-01-30 21:13:35,"[{'full': 'https://rev-static.yogiyo.co.kr/34e1a6ce539ca28bc13c1ce060446a45.jpg', 'thumb': 'https://rev-static.yogiyo.co.kr/34e1a6ce539ca28bc13c1ce060446a45_tn.jpg'}]",fo**,38352809,True,,,,
36,"✅ 배달 빠릅니다🤗
✅ 튀김 맛있어요. 점바점이라는데, 여긴 맛집
✅ 소떡소떡은 맛 없을 수 없죠.
✅ 저는 후라이드는 금방 물려해서, 양념소스 1개 추가는 필수! 기본 1개는 적어요🤣
✅ 맵소사는 매콤해요. 불닭 보단 한수아래. 🌶🌶🌶",5,False,False,"[{'ingredients': ['변경&추가 : 맵소사소스 추가', '옵션 : 양념소스'], 'id': 94184300, 'name': '포테킹 후라이드＋뿌링소떡'}]",1,"포테킹 후라이드＋뿌링소떡/1(변경&추가(맵소사소스 추가),옵션(양념소스))",1,False,tj**,5,5,False,5.0,True,2021-01-28 19:35:47,"[{'full': 'https://rev-static.yogiyo.co.kr/caeed914d259b557b647fc9de0f6db6b.jpg', 'thumb': 'https://rev-static.yogiyo.co.kr/caeed914d259b557b647fc9de0f6db6b_tn.jpg'}, {'full': 'https://rev-static.yogiyo.co.kr/db19bfd3e9213bde96d799cedbda2cdc.jpg', 'thumb': 'https://rev-static.yogiyo.co.kr/db19bfd3e9213bde96d799cedbda2cdc_tn.jpg'}, {'full': 'https://rev-static.yogiyo.co.kr/2b58156a415ceeb5a21cb9e02dccdee3.jpg', 'thumb': 'https://rev-static.yogiyo.co.kr/2b58156a415ceeb5a21cb9e02dccdee3_tn.jpg'}]",tj**,38250565,True,,,,
37,맛있어요~배달도 빠르고~^^,4,False,False,"[{'ingredients': [], 'id': 41765187, 'name': '뿌링클 콤보'}, {'ingredients': [], 'id': 41765412, 'name': '뿌링클 콤보＋뿌링치즈볼'}, {'ingredients': [], 'id': 41765243, 'name': '코카-콜라 1.25L'}]",1,"뿌링클 콤보/1,뿌링클 콤보＋뿌링치즈볼/1,코카-콜라 1.25L/1",0,False,bo**,4,4,False,4.0,True,2021-01-24 23:42:54,[],bo**,38080582,True,,,,
38,맛잇게 잘먹었습니다^^,5,False,False,"[{'ingredients': [], 'id': 41765054, 'name': '골드킹'}]",3,골드킹/1,0,False,kk**,5,5,False,5.0,True,2021-01-16 08:47:30,"[{'full': 'https://rev-static.yogiyo.co.kr/eebbd173e3403138996e1ef570ff9d5d.jpg', 'thumb': 'https://rev-static.yogiyo.co.kr/eebbd173e3403138996e1ef570ff9d5d_tn.jpg'}]",kk**,37591768,True,,,,
39,배달이 빠르게 와서 따끈하게 먹었는데 바삭하구 넘 맛있어요,5,False,False,"[{'ingredients': [], 'id': 41765070, 'name': '뿌링클'}]",1,뿌링클/1,0,False,rl**,5,5,False,5.0,True,2021-01-13 08:19:43,"[{'full': 'https://rev-static.yogiyo.co.kr/ce56122f8c1f52c1aa1a5e11eb907cc6.jpg', 'thumb': 'https://rev-static.yogiyo.co.kr/ce56122f8c1f52c1aa1a5e11eb907cc6_tn.jpg'}, {'full': 'https://rev-static.yogiyo.co.kr/b355b6f8c6fb3d39a4b0627bdecf958d.jpg', 'thumb': 'https://rev-static.yogiyo.co.kr/b355b6f8c6fb3d39a4b0627bdecf958d_tn.jpg'}]",rl**,37448646,True,,,,
40,핫후라이드 변함없이 맛있어요 잘먹었습니다.,5,False,False,"[{'ingredients': [], 'id': 41764985, 'name': '핫후라이드'}]",2,핫후라이드/1,0,False,ji**,5,5,False,5.0,True,2021-01-12 21:00:41,[],ji**,37439253,True,,,,
41,"처음시켜보는데 맛있어요
전 개인적으로 후라이드가괜찮네요",4,False,False,"[{'ingredients': [], 'id': 41764983, 'name': '후라이드 반／양념 반'}]",1,후라이드 반／양념 반/1,0,False,jj**,3,4,False,4.0,True,2020-12-28 15:21:06,[],jj**,36632886,True,,,,
42,"위로가 되는맛~
감사히 잘 먹었습시다^^",5,False,False,"[{'ingredients': [], 'id': 41765152, 'name': '맛초킹 콤보'}]",1,맛초킹 콤보/1,0,False,lg**,5,5,False,5.0,True,2020-12-24 21:12:32,[],lg**,36387985,True,,,,
43,맛초킹 첨 시켜먹었는데 애들도 잘 먹고 달콤짭짜름하면서도 매콤한향까지 맛나게 잘 먹었습니다.,5,False,False,"[{'ingredients': [], 'id': 41765152, 'name': '맛초킹 콤보'}]",1,맛초킹 콤보/1,0,False,li**,4,5,False,5.0,True,2020-12-24 19:52:12,[],li**,36378227,True,,,,
44,많이 매워요~~~~~~,5,False,False,"[{'ingredients': [], 'id': 41765135, 'name': '레드킹 콤보'}]",1,레드킹 콤보/1,0,False,so**,5,4,False,5.0,True,2020-12-24 16:20:17,[],so**,36361372,True,,,,
45,맛있게먹었어요 처음먹어보는 뿌링클이었지만,5,False,False,"[{'ingredients': ['디저트 : 뿌링핫도그'], 'id': 41765068, 'name': '뿌링클순살'}]",1,뿌링클순살/1(디저트(뿌링핫도그)),0,False,pk**,5,5,False,5.0,True,2020-12-24 15:42:54,[],pk**,36359736,True,,,,
46,👏🏻👏🏻👏🏻👏🏻👏🏻👏🏻👏🏻👏🏻👏🏻👏🏻,5,False,False,"[{'ingredients': [], 'id': 41765070, 'name': '뿌링클'}]",3,뿌링클/1,0,False,mi**,5,5,False,5.0,True,2020-12-23 12:38:18,[],mi**,36300638,True,,,,
47,"우리아들이 두번 시켜줘서 맛있게 먹었는데
이번에는 맛이 그전보다  전혀 아니네요.
뭐라 표현할수 없는 냄새에 맛도 별로 입니다.
솔직한 후기를 쓰라고해서 솔직히 쓴겁니다
둘이서 먹었는데 ㆍ ㆍㆍ
나만 그런게 아니고요.",3,False,False,"[{'ingredients': ['디저트 : 뿌링치즈볼'], 'id': 41765117, 'name': '후라이드 콤보'}]",1,후라이드 콤보/1(디저트(뿌링치즈볼)),1,False,bl**,5,3,False,5.0,True,2020-12-17 20:40:10,[],bl**,35989812,True,,,,
48,사진 찍는 걸 깜빡해서 거의 다 먹고 이거 두 조각 남았어요 ㅋㅋㅋㅋ 완전 맛있음! 배달도 빨리오고 ㅎㅎ 마침 오늘 할인도 해서 완전 좋네요~~ 다음에 또 시켜먹을게요!,5,False,False,"[{'ingredients': [], 'id': 41764983, 'name': '후라이드 반／양념 반'}]",1,후라이드 반／양념 반/1,0,False,vi**,5,5,False,5.0,True,2020-11-24 19:37:13,"[{'full': 'https://rev-static.yogiyo.co.kr/be83a743e823c5403c11857ed0a6cac2.jpg', 'thumb': 'https://rev-static.yogiyo.co.kr/be83a743e823c5403c11857ed0a6cac2_tn.jpg'}]",vi**,34717088,True,,,,
49,시작하신지 얼마 안되셔서 튀김이 투박하고 타 영업소에 비해 깔끔하지 않습니다. 그래도 차차히 발전할거라고 믿고 주문할게요 ㅎㅎ,3,False,False,,1,골드킹 콤보＋치즈볼/1(변경&추가(뿌링 치즈볼로 변경)),0,False,ho**,5,3,False,4.0,True,2020-11-22 12:53:46,"[{'full': 'https://rev-static.yogiyo.co.kr/3aac17fc3ca7873f2154043824950429.jpg', 'thumb': 'https://rev-static.yogiyo.co.kr/3aac17fc3ca7873f2154043824950429_tn.jpg'}, {'full': 'https://rev-static.yogiyo.co.kr/63d4a7764183eb0013583311bfe92b8a.jpg', 'thumb': 'https://rev-static.yogiyo.co.kr/63d4a7764183eb0013583311bfe92b8a_tn.jpg'}]",ho**,34598374,True,,,,
50,배고파서 사진을 못찍었네요. 순살을 시키려던게 아니었는데 먹으면서 생각보다 순살이 양이많아서 잘시켰다고 생각했네요. 닭의 상태가 좋고 양념도 짜지않고 적당히 묻어있어서 밥이랑도 조화가 좋았습니다. 또 주문할게요 잘먹었습니다~^^,5,False,False,,1,맛초킹 순살＋치즈볼/1,0,False,pu**,5,5,False,5.0,True,2020-11-20 22:19:55,[],pu**,34529437,True,,,,
51,"배달도 빨리오셨고, 정말 맛있네요. 잘먹겠습니다!",5,False,False,,1,맛초킹순살/1,0,False,ky**,4,4,False,5.0,True,2020-11-11 20:23:49,[],ky**,34144899,True,,,,
52,배달시간 딱맞고 뿌링클은 항상 옳죠,5,False,False,,1,뿌링클순살/1,0,False,ga**,5,5,False,5.0,True,2020-11-08 17:57:17,"[{'full': 'https://rev-static.yogiyo.co.kr/2287db49a3fd1a9f0921f52ec908f6a7.jpg', 'thumb': 'https://rev-static.yogiyo.co.kr/2287db49a3fd1a9f0921f52ec908f6a7_tn.jpg'}, {'full': 'https://rev-static.yogiyo.co.kr/0b342a8dce56aaf40ca455b6501f24b7.jpg', 'thumb': 'https://rev-static.yogiyo.co.kr/0b342a8dce56aaf40ca455b6501f24b7_tn.jpg'}]",ga**,34020718,True,,,,
53,배달 빠르고 맛있어요,5,False,False,,1,뿌링클/1,0,False,ju**,5,5,False,5.0,True,2020-11-03 23:04:09,[],ju**,33840170,True,,,,
54,"원했던게 너무 많아서 연락 계속 드렸는데 최대한 다 맞춰주시고 너무너무 감사했어욤,,♥️ 그래서 따시고 맛있게 치킨 먹었어욤",5,False,False,,1,골드킹 콤보/1,0,False,em**,5,5,False,5.0,True,2020-10-28 17:47:44,"[{'full': 'https://rev-static.yogiyo.co.kr/7cf089092945fdeb996c7cbe457e9bc1.jpg', 'thumb': 'https://rev-static.yogiyo.co.kr/7cf089092945fdeb996c7cbe457e9bc1_tn.jpg'}]",em**,33570507,True,,,,
55,맛있어요.맛있어요.맛있어요,3,False,False,,4,"뿌링클/1,뿌링핫도그/1",0,False,ka**,3,3,False,3.0,True,2020-10-25 04:21:08,[],ka**,33422047,True,,,,
56,"배달도 빠르고
맛있게 잘먹었어요",5,False,False,,3,맛초킹＋치즈볼/1,0,False,gr**,5,5,False,5.0,True,2020-10-22 15:26:17,[],gr**,33294108,True,,,,
57,뿌링클은 거의 환상의 맛입니다.... 특히 뿌링 치즈볼 너무 맛있었어요🥰 배달도 빨라서 만족합니다~~~~!!,5,False,False,,1,뿌링클 콤보＋치즈볼/1(변경&추가(뿌링 치즈볼로 변경)),0,False,dp**,4,5,False,5.0,True,2020-10-17 11:19:37,[],dp**,33083272,True,,,,
58,맛있어요 ^^ 너무 맛있어서  양 적은게 아쉽네요,5,False,False,,1,"골드킹 순살/1(옵션(양념소스,치킨무))",0,False,wp**,3,5,False,5.0,True,2020-09-27 18:02:31,[],wp**,32286570,True,,,,
59,"맛있습니다. 
가격대비 양이 아쉽지만...",4,False,False,,2,맛초킹＋치즈볼/1(옵션(치킨무)),0,False,aj**,5,3,False,5.0,True,2020-09-27 16:51:25,"[{'full': 'https://rev-static.yogiyo.co.kr/9021c2414fd33ff6257bc42045a31323.jpg', 'thumb': 'https://rev-static.yogiyo.co.kr/9021c2414fd33ff6257bc42045a31323_tn.jpg'}]",aj**,32282054,True,,,,
60,맛있게 잘 먹었습니당,5,False,False,,3,"골드킹 순살/1,후라이드 반／양념 반/1",0,False,h3**,5,5,False,5.0,True,2020-09-25 21:19:19,"[{'full': 'https://rev-static.yogiyo.co.kr/becfa6eb232a3fe598f7a2ec92365440.jpg', 'thumb': 'https://rev-static.yogiyo.co.kr/becfa6eb232a3fe598f7a2ec92365440_tn.jpg'}]",h3**,32201761,True,,,,
61,맛있어요  빨리와요  전화도친절^^,5,False,False,,1,골드킹 콤보/1,0,False,ba**,5,5,False,5.0,True,2020-09-22 21:19:31,[],ba**,32081788,True,,,,
62,떨리는맛 기대되는 맛,5,False,False,,1,"뿌링클 콤보/1(디저트(뿌링핫도그,뿌링소떡))",0,False,db**,4,5,False,4.0,True,2020-09-16 20:13:08,"[{'full': 'https://rev-static.yogiyo.co.kr/a89c9d19082d905f3dd87fb11e1cb9d7.jpg', 'thumb': 'https://rev-static.yogiyo.co.kr/a89c9d19082d905f3dd87fb11e1cb9d7_tn.jpg'}]",db**,31821019,True,,,,
63,맛잇어요^^ㅋㅋㅋ한번씩 생각나는 맛이라 종종시키게 되네요^^,5,False,False,,1,"골드킹 윙/1,맛초킹 윙/1",0,False,dl**,5,5,False,5.0,True,2020-09-14 16:26:09,[],dl**,31726609,True,,,,
64,"솔직히 bhc 연경점이 제일 맛있어요!
진짜 매일 먹고싶어요!
아이들도 너~~~~무 좋아하구요!
맛초킹 바삭바삭 소스도 적당하구
사장님~ 진짜 맛있게  잘 먹었습니다.
항상 번창하세요!",5,False,False,,1,맛초킹＋치즈볼/1(변경&추가(뿌링 치즈볼로 변경)),0,False,ks**,5,5,False,4.0,True,2020-09-13 19:05:01,"[{'full': 'https://rev-static.yogiyo.co.kr/f7de26294807ab07c35039963394e882.jpg', 'thumb': 'https://rev-static.yogiyo.co.kr/f7de26294807ab07c35039963394e882_tn.jpg'}]",ks**,31687289,True,,,,
65,닭이 통통하고 뿌링클 가루도 많이 뿌려주신 것 같아요 짱맛,5,False,False,,1,뿌링클＋뿌링치즈볼/1(옵션(콜라1.25L)),0,False,so**,5,5,False,5.0,True,2020-09-10 12:59:40,[],so**,31503528,True,,,,
66,"불맛이 느껴지는 맛~ 배달이 빨랐어요! 매운 거 잘 못 먹는 사람에게는 많이 맵고, 매운 거 좋아하는 사람에게는 많이 맵지 않았어요",5,False,False,,1,양념맵소킹/1,0,False,qo**,5,5,False,5.0,True,2020-09-07 16:07:58,[],qo**,31368439,True,,,,
67,항상 맛있게 먹고 있어요,4,False,False,,5,골드킹 순살/1(디저트(빨간소떡)),0,False,wi**,4,4,False,5.0,True,2020-09-04 13:32:13,[],wi**,31182112,True,,,,
68,"연경bhc는 맛있네요 
치즈볼 따뜻하게 주셔서 맛있게 먹었어요 
허겁지겁 먹다보니 사진을 못찍어서 중간에 찰칵~
또 시킬예정이요",5,False,False,,1,골드킹＋치즈볼/1,0,False,u0**,4,5,False,5.0,True,2020-08-29 21:05:41,"[{'full': 'https://rev-static.yogiyo.co.kr/e0c9e5847211555a00f073e907ecfc98.jpg', 'thumb': 'https://rev-static.yogiyo.co.kr/e0c9e5847211555a00f073e907ecfc98_tn.jpg'}]",u0**,30889024,True,,,,
69,오랜만에 뿌링클 먹었는데 역시 맛있어요 특히 다른 지점보다 항상 으뜸이에유 ㅎㅎㅎ 그리고 예쁘게 담아주셔서 보기에도 좋아요,5,False,False,,1,뿌링클 윙/1,0,False,n9**,5,5,False,5.0,True,2020-08-25 18:19:08,"[{'full': 'https://rev-static.yogiyo.co.kr/dfcdc64d1b96a80d35fa86b3ee6ddda3.jpg', 'thumb': 'https://rev-static.yogiyo.co.kr/dfcdc64d1b96a80d35fa86b3ee6ddda3_tn.jpg'}]",n9**,30662451,True,,,,
70,잘먹었습니다 친절하시네요,5,False,False,,3,골드킹 순살/1,0,False,sk**,5,5,False,5.0,True,2020-08-23 17:52:08,[],sk**,30554557,True,,,,
71,최고에요ㅎㅎ맛있어요,5,False,False,,1,뿌링맵소킹 스틱＋치즈볼/1(변경&추가(뿌링 치즈볼로 변경)),0,False,ls**,5,5,False,5.0,True,2020-08-23 13:32:09,[],ls**,30533976,True,,,,
72,"너무 맵내요.
....",4,False,False,,2,양념맵소킹＋치즈볼/1(옵션(치킨무)),0,False,aj**,4,3,False,4.0,True,2020-08-23 13:12:33,"[{'full': 'https://rev-static.yogiyo.co.kr/b1a458d210696e9bf7dd0ae890695d62.jpg', 'thumb': 'https://rev-static.yogiyo.co.kr/b1a458d210696e9bf7dd0ae890695d62_tn.jpg'}]",aj**,30532582,True,,,,
73,다들 맵다고해서 걱정했는데 괜찮게 매웠어요 양념도 맛있고 치킨도 바삭해서 좋았어요,5,False,False,,3,양념맵소킹/1,2,False,ji**,5,5,False,5.0,True,2020-08-12 15:27:46,[],ji**,30015477,True,,,,
74,"맵긴 진짜 맵네요 먹다가 저세상갛뻔햇어요
덜매운맛 나오면 좋겟슴다",5,False,False,,2,뿌링맵소킹 콤보/1,0,False,my**,5,5,False,5.0,True,2020-08-09 23:02:38,[],my**,29912746,True,,,,
75,"스틱 원래 11개인가요?ㄷㄷ

양 많네요",5,False,False,,3,양념맵소킹 스틱/1,0,False,bi**,5,5,False,5.0,True,2020-08-08 15:13:57,[],bi**,29819634,True,,,,
76,잘 먹었습니다. 신메뉴 제 취저네요.,5,False,False,,1,양념맵소킹/1(디저트(뿌링소떡)),0,False,ls**,5,5,False,5.0,True,2020-08-08 11:11:52,[],ls**,29808649,True,,,,
77,"맛나는데, 양이 아쉬움...",4,False,False,,2,"양념맵소킹 윙/1(디저트(달콤바삭치즈볼),옵션(치킨무))",0,False,aj**,3,4,False,4.0,True,2020-08-07 20:08:35,"[{'full': 'https://rev-static.yogiyo.co.kr/00a0611a385e8a39544f9480626f0ecc.jpg', 'thumb': 'https://rev-static.yogiyo.co.kr/00a0611a385e8a39544f9480626f0ecc_tn.jpg'}]",aj**,29788487,True,,,,
78,"비오는 날인데도 배달 빨랐고 
치킨도 따뜻하고 최고 였어요
음 신메뉴 맵소킹은 매우면서도 마냥 맵기만하지 않고 풍미가 있고 끝맛에 불향이 느껴지면서 먹으면서도 계속 먹고싶은 맛
밥하고 먹어도 좋을것 같아요
역시 믿고 먹는 bhc 연경점 👍 👍👍 👍 👍",5,False,False,,1,양념맵소킹/1,1,False,kt**,5,5,False,5.0,True,2020-08-07 18:12:20,[],kt**,29780318,True,,,,
79,핫후라이드 치즈볼 조합 최고에요 돌아서면 생각나는 맛이라 항상 이 치킨이 먹고싶어요 bhc 최고!! 핫후라이드 최고!!!!,5,False,False,,1,핫후라이드/1,1,False,ji**,5,5,False,5.0,True,2020-08-04 12:01:58,[],ji**,29640437,True,,,,
80,bhc 연경점 치킨은 타 치킨집이나 다른 지점 bhc보다 월등히 맛있어요 특히 핫후라이드 최고에요,5,False,False,,1,핫후라이드＋치즈볼/1,2,False,ji**,5,5,False,5.0,True,2020-08-04 11:59:25,[],ji**,29640377,True,,,,
81,"행사 기간에 시켰는데 배달이 20분만에 왔네요!!
닭 상태도 아주 좋아요
여태 먹어본 치하오 중에 가장 맛있었습니당
고추가 많아서 좋았어요~",5,False,False,,1,치하오/1,2,False,wj**,5,5,False,5.0,True,2020-07-31 18:05:33,"[{'full': 'https://rev-static.yogiyo.co.kr/f60c41964cd958642bb8defb5acf2281.jpg', 'thumb': 'https://rev-static.yogiyo.co.kr/f60c41964cd958642bb8defb5acf2281_tn.jpg'}, {'full': 'https://rev-static.yogiyo.co.kr/5fa6a3bce0061a3a7b9bb366a8616676.jpg', 'thumb': 'https://rev-static.yogiyo.co.kr/5fa6a3bce0061a3a7b9bb366a8616676_tn.jpg'}]",wj**,29461969,True,,,,
82,"골드킹 처음 먹었는데 단짠단짠 하면서 어린 아기들이 먹기엔 약간 화~한 느낌이 있어요~~ 5살 애는 약간 맵다 하고 7살애는 맵단말 안하네요 ^^ 반찬이 없어서 치킨시켜서 밥 먹는데 
애들도 잘먹고 어른도 맛있어요 ㅋㅋ
배달이 초스피드 입니다~^^",5,False,False,,1,골드킹/1,2,False,wl**,5,5,False,5.0,True,2020-07-30 20:05:48,"[{'full': 'https://rev-static.yogiyo.co.kr/d3becbd1664cf87a3386c1fa97b06553.jpg', 'thumb': 'https://rev-static.yogiyo.co.kr/d3becbd1664cf87a3386c1fa97b06553_tn.jpg'}]",wl**,29426770,True,,,,
83,👏🏻👏🏻👏🏻👏🏻👏🏻👏🏻👏🏻👏🏻👏🏻👏🏻,5,False,False,,4,뿌링클/1,0,False,mi**,5,5,False,5.0,True,2020-07-28 15:47:16,[],mi**,29332999,True,,,,
84,"목요일에 먹었는데 이제서야 쓰네요 ㅠㅠ
bhc는 연경점이 최고입니다!!!!!
깔끔하고 뿌링클 맛집입니다👏",5,False,False,,1,뿌링클 콤보＋치즈볼/1,2,False,lj**,5,5,False,5.0,True,2020-07-25 16:52:34,"[{'full': 'https://rev-static.yogiyo.co.kr/5da23bfa645bcb9bf8032f6d6df98bb2.jpg', 'thumb': 'https://rev-static.yogiyo.co.kr/5da23bfa645bcb9bf8032f6d6df98bb2_tn.jpg'}]",lj**,29201032,True,,,,
85,처음시켜먹었는데 교촌보다는 맛도 조금부족하고 양념을 골고루 바르지 못한거같지만 그런대로 먹을만하다 매운정도는 보통이다 고추가 들어있는건 좋은거같다,3,False,False,,1,레드킹 콤보/1,0,False,sk**,3,3,False,4.0,True,2020-07-23 19:15:33,"[{'full': 'https://rev-static.yogiyo.co.kr/ea291aad0433b98e6eed242b3fcc347e.jpg', 'thumb': 'https://rev-static.yogiyo.co.kr/ea291aad0433b98e6eed242b3fcc347e_tn.jpg'}]",sk**,29123031,True,,,,
86,항상 배달도 빠름~ 핫후 넘맛잇어요!!!,5,False,False,,1,핫후라이드/1,1,False,mi**,5,5,False,5.0,True,2020-07-21 23:00:56,"[{'full': 'https://rev-static.yogiyo.co.kr/cbc35479d66554b552c63852ce8bbe2b.jpg', 'thumb': 'https://rev-static.yogiyo.co.kr/cbc35479d66554b552c63852ce8bbe2b_tn.jpg'}]",mi**,29052692,True,,,,
87,너무 허겁지겁 먹어서 사진이 없습니다. 튀김옷이 얇아서 좋았습니다. 양도 괜찮았고 맛있었어요. 감사합니다.,4,False,False,,2,"바삭클/1(디저트(케이준프라이),옵션(콜라1.25L))",1,False,me**,4,4,False,5.0,True,2020-07-17 06:11:57,[],me**,28843971,True,,,,
88,맛있게 잘 먹었습니다,5,False,False,,3,맛초킹 콤보＋치즈볼/1(변경&추가(뿌링 치즈볼로 변경)),0,False,lo**,5,5,False,5.0,True,2020-07-12 16:04:10,[],lo**,28654298,True,,,,
89,넘맛잇어요~매번배달도 빨랏고~ 후다닥먹느라 사진을못찍엇네요~다음엔 꼭사진찍어야겟어요ㅋㅋ,5,False,False,,1,"바삭클/1,핫후라이드/1",0,False,mi**,5,5,False,5.0,True,2020-06-30 18:18:11,[],mi**,28176955,True,,,,
90,맛있고 배달도 빨라요,4,False,False,,2,맛초킹순살/1(추가메뉴(빨간소떡)),0,False,wi**,3,5,False,5.0,True,2020-06-27 18:16:34,[],wi**,28051955,True,,,,
91,짱마싯음 ㅎㅎ굿굿ㅎ,5,False,False,,3,골드킹 콤보/1,0,False,po**,5,5,False,5.0,True,2020-06-26 21:17:22,[],po**,28021640,True,,,,
92,지금까지 먹어본 곳 중에서 가루 최고로 많이 뿌려준 곳입니다. 따끈따끈하게 잘 먹었습니다^^ 뿌링클 맛집 인정!,5,False,False,,1,뿌링클＋뿌링치즈볼/1,1,False,rb**,5,5,False,5.0,True,2020-06-23 20:51:15,"[{'full': 'https://rev-static.yogiyo.co.kr/42c2ccf44383da847d77a24791b57953.jpg', 'thumb': 'https://rev-static.yogiyo.co.kr/42c2ccf44383da847d77a24791b57953_tn.jpg'}]",rb**,27906070,True,,,,
93,👏🏻👏🏻👏🏻👏🏻👏🏻👏🏻👏🏻👏🏻👏🏻👏🏻,5,False,False,,3,뿌링클/1(추가메뉴(콜라1.25L)),0,False,mi**,5,5,False,5.0,True,2020-06-20 19:26:23,[],mi**,27773062,True,,,,
94,핫후 대맛있어요 ㅎㅎ,5,False,False,,3,핫후라이드/1,0,False,po**,5,5,False,5.0,True,2020-06-20 16:46:12,[],po**,27763573,True,,,,
95,핫후핫후~너무맛있어용,5,False,False,,1,핫후라이드/1(추가메뉴(콜라1.25L)),1,False,fa**,5,5,False,5.0,True,2020-06-17 22:29:34,"[{'full': 'https://rev-static.yogiyo.co.kr/dbadd5472ba4157c7759212090adfbeb.jpg', 'thumb': 'https://rev-static.yogiyo.co.kr/dbadd5472ba4157c7759212090adfbeb_tn.jpg'}]",fa**,27661769,True,,,,
96,사진은 예전에먹은거지만ㅋㅋ 맛있어요~,5,False,False,,5,골드킹 콤보＋치즈볼/1,0,False,le**,5,5,False,5.0,True,2020-06-16 19:52:55,"[{'full': 'https://rev-static.yogiyo.co.kr/e8767035fc4aa2189bdf0b3fff92bd5c.jpg', 'thumb': 'https://rev-static.yogiyo.co.kr/e8767035fc4aa2189bdf0b3fff92bd5c_tn.jpg'}]",le**,27615501,True,,,,
97,동네마다 튀김색깔이 조금차이나네요 주말이라서 이해해요 양념은 처음먹어봅니다.달아요배덜오신분친절하세요.,4,False,False,,1,후라이드 반／양념 반/1,0,False,ky**,4,3,False,5.0,True,2020-06-13 18:39:59,"[{'full': 'https://rev-static.yogiyo.co.kr/d5997734cea8b8d6c534d919dd94f5ec.jpg', 'thumb': 'https://rev-static.yogiyo.co.kr/d5997734cea8b8d6c534d919dd94f5ec_tn.jpg'}]",ky**,27477907,True,,,,
98,뿌링클은 항상 맛있죠~ 배달 빠르네요.,5,False,False,,2,뿌링클순살/1,0,False,ga**,5,5,False,5.0,True,2020-06-10 18:25:35,"[{'full': 'https://rev-static.yogiyo.co.kr/c120db3ea691bb4497f6221c79e07f37.jpg', 'thumb': 'https://rev-static.yogiyo.co.kr/c120db3ea691bb4497f6221c79e07f37_tn.jpg'}]",ga**,27350006,True,,,,
99,맛있네요 잘 먹었슴니더~~,5,False,False,,1,뿌링클/1(추가메뉴(콜라1.25L)),0,False,ba**,5,5,False,5.0,True,2020-05-31 20:17:09,[],ba**,26972761,True,,"고객님 고맙습니다 
자주 애용해주세요",2020-06-02 20:03:36,8627829.0
100,양이 적어요 맛은 굿,5,False,False,,4,"뿌링클 콤보＋치즈볼/1(추가메뉴(뿌링뿌링소스,뿌링소떡,뿌링치즈볼))",0,False,jh**,4,5,False,5.0,True,2020-05-29 17:30:53,[],jh**,26870741,True,,"고객님 만족을 드리지못해 죄송합니다 
닭다리 손질할때 작은건 최대한 걸러내는데
앞으로 기준을 더 깐깐히해서 만족을 드릴수 있도록 하겠겠습니다 감사합니다 ",2020-05-31 19:52:54,8589981.0
101,"맛있습니다. 
순살로 시키는걸 깜빡해서 그냥 먹었는데 
튀김옷도 쫀득하니 맛있네요. 
최근 먹어본 맛초킹 중에 제일 좋았습니다.",5,False,False,,1,맛초킹/1,0,False,wo**,5,5,False,5.0,True,2020-05-29 10:49:31,[],wo**,26858750,True,,"고객님 고맙습니다 
칭찬에 힘이 납니다^^",2020-05-31 16:54:23,8586997.0
102,맛잇어요^^ 먹고돌아서면또먹고싶은^^,5,False,False,,3,골드킹 윙/1(추가메뉴(케이준프라이)),0,False,dl**,5,5,False,5.0,True,2020-05-28 22:15:43,[],dl**,26850568,True,,"고객님 고맙습니다 
자주 애용해주세요
",2020-05-31 17:01:09,8587077.0
103,냠냠남 맛나네요 와우,5,False,False,,1,양념치킨/1(추가메뉴(콜라1.25L)),0,False,su**,4,4,False,4.0,True,2020-05-19 15:16:22,[],su**,26485492,True,,"고객님~
맛,양,배달 만족하실때까지 더욱 노력하겠습니다.
감사합니다~",2020-05-20 18:05:01,8403069.0
104,맛있는데 양이 적어서 아쉬워요~~,4,False,False,,1,골드킹 콤보/1,0,False,li**,3,5,False,5.0,True,2020-05-07 20:06:24,[],li**,25986046,True,,"고객님, 양이 적어서 아쉬우셨군요.
콤보는 한마리에 비해 뼈가 많아서 그렇게 느끼셨을것 같아요. 다음번엔 골드킹 한마리를 추천드려요~",2020-05-08 13:22:31,8176869.0
105,항상 변함없는 맛 좋습니다. 짱입니다,5,False,False,,2,후라이드 반／양념 반/1,0,False,en**,5,5,False,5.0,True,2020-05-06 19:32:37,[],en**,25949587,True,,"고객님, 감사합니다 
항상 열심히 하겠습니다~",2020-05-07 15:34:54,8162367.0
106,사장님이 친절하시고 맛도 좋아요,5,False,False,,3,"후라이드 콤보/1,소주/1",0,False,ju**,5,5,False,5.0,True,2020-05-06 19:11:06,[],ju**,25948374,True,,"고객님, 감사합니다 
항상 열심히 하겠습니다~",2020-05-07 15:33:58,8162340.0
107,"전에 보다 오랴된 기름에 튀긴 것 같았음.. 맛이나 색을 보아.. 이 전에는 반짝거렸는데ㅠㅠ
닭은 신선해요!",4,False,False,,1,골드킹 콤보/1,0,False,uo**,3,2,False,4.0,True,2020-05-04 12:53:19,[],uo**,25846454,True,,고객님 우선 만족을 드리지 못하여 죄송하다는 말씀 드립니다  하지만 절대 오래된기름은 아닙니다  기름은 수시로 맛도보고 산가(산도)측정하여 엄격히  관리하고 있습니다 색깔의 차이는 마치 참기름을 볶아서 짜면 짙은색의 기름이 나오는것처럼 뜨거운열에의해 색이 변하게되는 겁니다  그래서 기름을 갈자마자 튀기면 너무 하얗고 기름을 갈기 직전 튀김옷 색깔은 거무스룸하게 찐합니다  기름이 오래되면 쩐내도 나고 수분도 없어 닭도 푸석해집니다  양심적으로 관리하고 아울러 보다 더 만족을 드리도록 노력하겠습니다^^ ,2020-05-06 14:46:19,8142825.0
108,"리뷰가 늦었지만 맛초킹도 맛있어요~!! 닭냄새도 안나고 바삭하니 좋아요
오늘도 시킬랬는데 아직 오픈전이길래 다른지점으로 시켰는데..연경점이 치킨맛집이란걸 다시 깨닫게됨",5,False,False,,2,맛초킹 윙/1(추가메뉴(뿌링치즈볼)),0,False,ho**,5,5,False,5.0,True,2020-05-01 13:29:01,[],ho**,25719479,True,,"고객님, 멋진 리뷰 감사드려요~
맛, 빠른배달, 청결, 친절... 항상 신경쓰는 
bhc가 되겠습니다^^
",2020-05-04 11:15:10,8105481.0
109,시간 잘지켜주셨네용,5,False,False,,1,후라이드/1,0,False,gi**,5,5,False,5.0,True,2020-04-26 23:24:05,[],gi**,25556829,True,,"고객님~
맛있는 치킨, 빠른배달을 위해 계속
노력하는 bhc되겠습니다.
고맙습니다 ~",2020-04-27 11:19:10,7984596.0
110,"조금 식긴 했는데 배달도 빠르고 맛있게 잘 먹었어요~
양념이 다른지점보다 더 맛있는것 같아용!",5,False,False,,2,후라이드 반／양념 반/1(추가메뉴(달콤바삭치즈볼)),0,False,sk**,5,5,False,5.0,True,2020-04-25 21:10:35,"[{'full': 'https://rev-static.yogiyo.co.kr/31e65c1201a7608a814e1ce3250de774.jpg', 'thumb': 'https://rev-static.yogiyo.co.kr/31e65c1201a7608a814e1ce3250de774_tn.jpg'}]",sk**,25496971,True,,"고객님, 치킨이 식었다니 죄송합니다.
양념소스를 냉장보관하여 차가운 소스가 치킨에 버무려지다보니 치킨이 식었나 봅니다. 
항상 고민하던 문제였는데 고객님께서 짚어주시니 정신이 번쩍듭니다. 좋은방법을 고민하여 개선하겠습니다^^

",2020-04-27 11:15:01,7984499.0
111,뿌링클 맛있어요~bbb,5,False,False,,2,"뿌링클 콤보/1(추가메뉴(뿌링치즈볼)),케이준프라이/1",0,False,ho**,5,5,False,5.0,True,2020-04-25 16:29:17,"[{'full': 'https://rev-static.yogiyo.co.kr/bcb9883c0d24954c9381b0454a059aec.jpg', 'thumb': 'https://rev-static.yogiyo.co.kr/bcb9883c0d24954c9381b0454a059aec_tn.jpg'}]",ho**,25477223,True,,"고객님 고맙습니다
bhc의 베스트 뿌링클 맛있게 드시고
행복하세요~


",2020-04-27 11:06:40,7984335.0
112,소스가 빠졌네요.~^^,3,False,False,,0,맛초킹 콤보＋치즈볼/1,0,False,   손,3,3,False,3.0,True,2020-04-21 20:08:45,[],손님,25314132,True,,"고객님~
원하는 메뉴가 아니었는데 맛있게 드셨는지
마음이 쓰였습니다.
뿌링클에는 기본 소스가 나가는데 맛초킹에는 같이 나가는 소스는 없답니다.
소중한 리뷰 감사드리고 다음번 메뉴도 정성을 담아 조리하여 드리겠습니다^^ 
감사합니다~~",2020-04-22 15:55:05,7895936.0
113,"배달하신 분도 친절하시구요~
맛도 깔끔하니 좋습니다~^^",5,False,False,,1,후라이드 콤보/1,0,False,ju**,5,5,False,5.0,True,2020-04-19 19:56:42,[],ju**,25220898,True,,"고객님 고맙습니다.
항상 신선한 튀김을 위해 다방면으로 
노력하고 있는데 알아봐 주시니 영광입니다.
더욱 발전하는 bhc 되겠습니다.",2020-04-21 17:31:46,7875116.0
114,골드킹콤보 처음 시켜먹는데 달달하니 맛있네요~~,4,False,False,,2,골드킹 콤보/1,0,False,lh**,4,4,False,4.0,True,2020-04-19 18:51:33,"[{'full': 'https://rev-static.yogiyo.co.kr/a75ecb370dd0dc694e0e3eab72e3eaff.jpg', 'thumb': 'https://rev-static.yogiyo.co.kr/a75ecb370dd0dc694e0e3eab72e3eaff_tn.jpg'}]",lh**,25214515,True,,"고객님 bhc를 찾아주셔서 감사드립니다.
별점 5점 받을 수 있게 더욱 노력하겠습니다.",2020-04-21 17:29:21,7875035.0
115,매우 맛있습니다.최고,5,False,False,,3,골드킹 콤보/1(추가메뉴(뿌링뿌링소스)),0,False,sk**,5,5,False,5.0,True,2020-04-18 21:27:42,[],sk**,25171493,True,,"고객님 감사드립니다.
요즘 골드킹 메뉴가 단짠단짠하니 
인기가 좋습니다. 맵지않아 아이들도 좋아하지요.
많이 찾아주시고 
항상 노력하는 bhc가 되겠습니다.",2020-04-21 17:27:29,7874968.0
116,윙한마리 6살딸혼자 다먹을정도예요,5,False,False,,1,골드킹 윙/2,0,False,dl**,5,5,False,5.0,True,2020-04-13 16:36:08,[],dl**,24924898,True,,"고객님~
따님이 골드킹윙을 정말 좋아하나 봅니다.
그저 감사합니다^^
더욱 노력하겠습니다. bhc를 더욱더 사랑해주세요^^",2020-04-14 18:54:54,7741062.0
117,딸이 너무좋아해서 자주시키는데 맛잇어요^^,5,False,False,,1,골드킹 윙/1,0,False,dl**,5,5,False,5.0,True,2020-04-13 16:35:39,[],dl**,24924872,True,,"고객님 고맙습니다.
따님이 골드킹 윙을 좋아한다니 입맛이 보통이 아닌것 같습니다^^ 더욱 맛있도록 노력하겠습니다.",2020-04-14 18:30:54,7740710.0
118,"맛있어요!
연경에 BHC가 생겨서 좋아요",5,False,False,,1,양념치킨/1(추가메뉴(콜라1.25L)),0,False,gg**,5,5,False,5.0,True,2020-04-12 17:36:56,"[{'full': 'https://rev-static.yogiyo.co.kr/9da9b90afb956039290bb36afe630dd3.jpg', 'thumb': 'https://rev-static.yogiyo.co.kr/9da9b90afb956039290bb36afe630dd3_tn.jpg'}]",gg**,24879973,True,,"고객님~
양념치킨을 버무릴때 깨지는 부분이 있었을텐데 아낌없는 칭찬을 해주셔서 감사드려요.
항상 열심히 하겠습니다.",2020-04-14 18:28:15,7740651.0
119,맛도 배달도 좋아요 잘 먹었습니다,5,False,False,,1,골드킹 콤보/1,0,False,ad**,5,5,False,5.0,True,2020-04-11 21:32:15,[],ad**,24842459,True,,"고객님 고맙습니다^^ 
골드킹 콤보 최고의 점수를 주셨네요.
항상 열심히 하는 bhc가 되겠습니다.",2020-04-14 18:25:39,7740595.0
120,핫후라이드 약간 매콤하니 맛있어요~! 뿌링치즈볼도 존맛,5,False,False,,2,핫후라이드/1(추가메뉴(뿌링치즈볼)),0,False,ho**,5,5,False,5.0,True,2020-04-07 20:05:25,"[{'full': 'https://rev-static.yogiyo.co.kr/5179276fc87d1a6899da36bf972a32da.jpg', 'thumb': 'https://rev-static.yogiyo.co.kr/5179276fc87d1a6899da36bf972a32da_tn.jpg'}]",ho**,24657521,True,,"고객님 
핫후라이드에 대한 소중한 리뷰 감사합니다 
",2020-04-08 18:44:59,7624223.0
121,느끼하지도 않고 맛있어요 뿌링클맛집👍👍👍,5,False,False,,1,뿌링클 윙/1,0,False,ho**,5,5,False,5.0,True,2020-04-04 17:29:41,"[{'full': 'https://rev-static.yogiyo.co.kr/d0106b2560cf85fec8aa213c4bf96b35.jpg', 'thumb': 'https://rev-static.yogiyo.co.kr/d0106b2560cf85fec8aa213c4bf96b35_tn.jpg'}]",ho**,24503236,True,,"고객님 감사합니다^^
우리 고객님은 뿌링클 윙을  좋아하시는군요
뿌링시즈닝 앞으로도 많이 뿌려드릴게요~",2020-04-05 01:26:11,7544488.0
122,뿌링클 가루 많이 뿌려줘서 좋았어요 존맛존맛👍👍👍,5,False,False,,1,"뿌링클 윙/1(추가메뉴(케이준프라이,뿌링치즈볼))",0,False,ho**,5,5,False,5.0,True,2020-04-03 16:53:25,[],ho**,24456110,True,,"고객님 고맙습니다 
뿌링가루 많은게 좋으시면 요청사항란에 언제든 적어 주시면 됩니다",2020-04-04 13:25:29,7530026.0
123,"후라이드맛나게먹었어요
양념은좀매웠지만맛있게먹었답니다",4,False,False,,1,"후라이드/1,매운맛양념치킨/1",1,False,yo**,3,4,False,4.0,True,2020-04-01 06:33:53,[],yo**,24361492,True,,"고객님 감사합니다.
매운맛양념이 고객님께 좀 매웠나봅니다.
요즘 잘 나가는 골드킹은 단짠단짠 하니
꼭 드셔보시길 추천드립니다~",2020-04-01 15:33:31,7471857.0
124,튀김옷이 얇다고해서 시켜봤는데 마싯어요,5,False,False,,1,바삭클/1(추가메뉴(콜라1.25L)),0,False,fa**,5,5,False,5.0,True,2020-03-29 21:15:36,"[{'full': 'https://rev-static.yogiyo.co.kr/bbc10f5d6e20344541978610ed390d84.jpg', 'thumb': 'https://rev-static.yogiyo.co.kr/bbc10f5d6e20344541978610ed390d84_tn.jpg'}]",fa**,24268930,True,,"고객님 감사합니다.
바삭클은 후라이드의 컬 없이 바삭하게 
드실수 있는 치킨입니다. 
저도 개인적으로 좋아하는 메뉴이죠^^
앞으로도 bhc사랑해 주세요~",2020-04-01 15:36:00,7471889.0
125,맛있어요 핫치킨 핫치킨,5,False,False,,2,핫후라이드/1,0,False,ji**,5,5,False,5.0,True,2020-03-27 18:52:53,[],ji**,24155342,True,,"고객님 고맙습니다 
매운거 좋아하시면 핫후라이드죠
너무 맵다면 요청사항에 '덜 맵게'적어주세요",2020-03-28 11:40:24,7388013.0
126,배달도 빠르고 맛있엉ㅅ,5,False,False,,1,뿌링클/1,0,False,n1**,5,5,False,5.0,True,2020-03-26 18:34:36,"[{'full': 'https://rev-static.yogiyo.co.kr/6cc74281749a38b219168657dc5d4aa6.jpg', 'thumb': 'https://rev-static.yogiyo.co.kr/6cc74281749a38b219168657dc5d4aa6_tn.jpg'}]",n1**,24113038,True,,"고객님 고맙습니다^^ 
항상 열심히 하겠습니다 ~~",2020-03-27 14:41:45,7372943.0
127,본가에서 시켜먹고 넘 맛있어서 주문했는데 역시 맛있어요 제 기준 bhc에서 뿌링클에 대적할만한 강력한 치킨은 골드킹입니다 ~~ 당분간 이것만 먹을듯요 ㅎㅎ,5,False,False,,1,골드킹 윙/1,0,False,n9**,5,5,False,5.0,True,2020-03-20 17:41:16,"[{'full': 'https://rev-static.yogiyo.co.kr/9dc84d75cd8a49f4638a45304056756b.jpg', 'thumb': 'https://rev-static.yogiyo.co.kr/9dc84d75cd8a49f4638a45304056756b_tn.jpg'}]",n9**,23858095,True,,"고객님 고맙습니다~
저도 뿌링클을 좋아하지만 골드킹 시리즈도 
참 좋아합니다^^ 달콤 짭잘 바삭한게 딱 제 취향이에요. 아마 다들 그렇게 느끼시지 않을까합니다.
bhc많이 애용해주세요~~

",2020-03-24 16:55:53,7323714.0
128,"정말 맛있습니다!
bhc 후라이드 처음 먹어봤는데, 
후라이드가 이렇게 맛있는 치킨이라니..
양념도 번갈아 먹으니 더욱 맛있었습니다
또 먹고 싶네요 ~ bb",5,False,False,,1,후라이드 반／양념 반/1,0,False,wl**,5,5,False,5.0,True,2020-03-17 13:12:47,"[{'full': 'https://rev-static.yogiyo.co.kr/dd46340d7709f41b0ef275a198c03104.jpg', 'thumb': 'https://rev-static.yogiyo.co.kr/dd46340d7709f41b0ef275a198c03104_tn.jpg'}]",wl**,23732550,True,,"고객님 
맛있게 드셨다니 감사합니다 
bhc후라이드도  맛있고 맛초킹 골드킹 등등 
다 맛있으니 두루 드셔보세요^^ 
감사합니다 ",2020-03-17 19:56:07,7195767.0
129,맛나요. 1등 합니다,5,False,False,,1,후라이드 반／양념 반/1(추가메뉴(양념소스)),0,False,su**,5,5,False,5.0,True,2020-03-15 15:27:32,[],su**,23647477,True,,"고맙습니다 고객님 
매출보다 맛으로 써비스로 1등 하겠습니다 
많이 도와주세요~ ^^",2020-03-15 20:29:11,7154848.0
130,처음시켜봤는데 애들이 잘 먹네요^^,5,False,False,,1,골드킹 콤보/1,0,False,li**,4,5,False,5.0,True,2020-03-14 18:50:59,[],li**,23606795,True,,"고객님 고맙습니다 
다른 메뉴들도 맛있으니 자주 이용 부탁드려요 ^^",2020-03-15 20:30:30,7154879.0
131,맛나게 잘먹었습니다,5,False,False,,2,후라이드/1(추가메뉴(양념소스)),0,False,en**,5,5,False,5.0,True,2020-03-13 20:04:23,[],en**,23561977,True,,"고객님 고맙습니다 
모든면에서 최선을 다하겠습니다 
",2020-03-15 20:31:32,7154907.0
132,역시 치킨은 bhc👍👍👍골든킹 역시 맛있어요!! 너무 배부른게 문제 ㅠㅠ,5,False,False,,3,골드킹 콤보＋치즈볼/1(추가메뉴(치킨무)),0,False,ab**,5,5,False,5.0,True,2020-03-13 18:58:45,[],ab**,23556750,True,,"고객님 고맙습니다 
골드킹 인기가 좋은거 같아요
콤보가 양이 많으면 윙이 좀더 양이 적습니다 
참고하세요",2020-03-15 20:33:40,7154972.0
133,"역쉬 역쉬 bhc 레드킹입니다^^
애들이 넘 허겁지겁 다 먹어버리는 바람에 이번에도 사진을 못찍었네요.
담에는 사진도 같이 올릴게요~",5,False,False,,2,레드킹 윙/1,0,False,km**,5,5,False,5.0,True,2020-03-10 18:56:29,[],km**,23428771,True,,"고객님 고맙습니다 
레드킹 좀 매울 수도 있는데 애들이 잘 먹었다니 다행이네요  다른분들이 참고할만한 좋은 리뷰네요
감사합니다 ",2020-03-11 18:45:11,7080718.0
134,사장님~~두번째주문인데  역시 맛나네요~,5,False,False,,2,"골드킹/1,카스（병） 500ml/1",0,False,en**,5,5,False,4.0,True,2020-03-07 23:09:52,[],en**,23305066,True,,"세번째 네번째 쭉 같이 가시죠~~
실망시키지 않겠습니다 
고맙습니다
",2020-03-08 21:01:13,7019442.0
135,"언제나 그렇듯 신속하고친절하게..
감사합니다.",5,False,False,,1,핫후라이드/1,0,False,fa**,5,5,False,5.0,True,2020-03-07 22:39:30,"[{'full': 'https://rev-static.yogiyo.co.kr/5a069ef609508317e2785eba91cc8edb.jpg', 'thumb': 'https://rev-static.yogiyo.co.kr/5a069ef609508317e2785eba91cc8edb_tn.jpg'}]",fa**,23303450,True,,언제나 그렇듯 기대에 부응 하겠습니다 ^^ 고맙습니다 ,2020-03-08 20:58:19,7019382.0
136,맛있게 잘 먹었습니다,5,False,False,,1,뿌링클/1(추가메뉴(달콤바삭치즈볼)),0,False,tn**,5,5,False,5.0,True,2020-03-06 20:56:29,[],tn**,23247753,True,,"고객님 고맙습니다 
코로나 걱정없으시게 위생에 만전을 기하고 있습니다  
또 찾아주세요^^",2020-03-07 00:05:41,6987720.0
137,맛도 깔끔하고 맛있네요,4,False,False,,2,후라이드 반／양념 반/1,0,False,il**,4,4,False,4.0,True,2020-03-05 13:40:29,[],il**,23184119,True,,"고객님 맛있게 드셨다니 고맙습니다 
5점 받을 수 있도록 더 노력하겠습니다 ",2020-03-05 22:01:06,6968987.0
138,"언제나 맛난 bhc통닭~~
애들이 역시나 좋아라하면서 먹네요^^",5,False,False,,1,골드킹 윙＋치즈볼/1,0,False,km**,5,5,False,5.0,True,2020-03-03 16:58:29,[],km**,23114105,True,,"고객님 고맙습니다 
내 아이가 먹는다는 생각으로 만들고 있습니다 
아이들이 좋아라 했다니 덩달아 저도 좋아요 ^^♡",2020-03-03 21:59:16,6933685.0
139,"요번에 처음 시켜봤는데 양도 많고 맛있게 잘 먹었습니다
자주시켜먹을게요~ bb",5,False,False,,1,핫후라이드/1(추가메뉴(콜라1.25L)),0,False,wl**,5,5,False,5.0,True,2020-03-01 16:11:02,"[{'full': 'https://rev-static.yogiyo.co.kr/5a923ad77eb3db07c0a22360b909bc43.jpg', 'thumb': 'https://rev-static.yogiyo.co.kr/5a923ad77eb3db07c0a22360b909bc43_tn.jpg'}]",wl**,23024776,True,,"고객님 고맙습니다 
코로나로 걱정이 많으실텐데 위생에 더 신경써 정성스럽게 만들겠습니다 
다음에 또 주문 부탁드려요 ",2020-03-01 22:02:20,6895981.0
140,"맛도 좋고 배달응 빠를때도 있고 늦을때도 있어요.
그래도 맛은 정말 좋아요.",5,False,False,,1,"레드킹 윙/1,후라이드/1",0,False,km**,5,5,False,5.0,True,2020-02-25 11:28:42,[],km**,22790539,True,,"고객님, 주문 주셔서 고맙습니다.
배달이 늦을땐 주문이 밀려 있거나
퀵이 잘 안잡힌다거나 비가 온다거나
여러가지 상황들이 있을 수 있어요.
배달이 늦었을때도 너그럽게 이해해 주셔서
감사하고요 빠른 배달이 될 수있게 항상 고민하겠습니다^^",2020-02-27 14:37:21,6839254.0
141,BHC 넘나 맛있어요 :),5,False,False,,1,맛초킹순살/1(추가메뉴(뿌링감자)),0,False,ch**,5,5,False,5.0,True,2020-02-22 23:28:24,"[{'full': 'https://rev-static.yogiyo.co.kr/e2c508b65ce762cf0a8792b1afaaf91d.jpg', 'thumb': 'https://rev-static.yogiyo.co.kr/e2c508b65ce762cf0a8792b1afaaf91d_tn.jpg'}]",ch**,22690733,True,,"고객님~
BHC 사랑해 주셔서 감사합니다.
토핑되는 채소도 신선하게 관리하고 있으니
고객님께서는 맛있게 드시고 행복하시면 됩니다^^
그리고 흉흉한 요즘 건강 잘 챙기세요~",2020-02-23 14:49:13,6773966.0
142,사장님~~너무 맛나서~~ 먹는다고 사진은 못 찍었어요. 앞으로 요기만 이용할꺼 같아요. 수고하세요,5,False,False,,1,후라이드 반／양념 반/1(추가메뉴(콜라1.25L)),0,False,en**,5,5,False,5.0,True,2020-02-21 21:01:41,[],en**,22634338,True,,"고객님, 감사합니다.
맛나게 드셨다니 뿌듯합니다.
담번에 작품사진 한장 찰깍 해 주셔요~~^^
그리고 건강 잘 챙기세요~",2020-02-22 19:24:16,6763616.0
143,"최고의맛
부드러움
맛남",5,False,False,,3,후라이드 반／양념 반/1(추가메뉴(양념소스)),0,False,sk**,5,5,False,5.0,True,2020-02-20 18:26:24,[],sk**,22587677,True,,"고객님~ 고맙습니다^^
양념은 버무리는 과정에서 조심한다해도
피가 벗겨지는 경우가 많습니다.
그런데도 이렇게 아낌없는 칭찬을 주시니 그저 감사합니다^^ 열심히 할게요",2020-02-21 14:48:33,6747087.0
144,바삭함이 아주 좋고 짬짤함도 아주 만족스러워요~ 깔끔한 포장도 좋아요,5,False,False,,1,골드킹 윙/1,0,False,cj**,5,5,False,5.0,True,2020-02-19 22:34:03,"[{'full': 'https://rev-static.yogiyo.co.kr/3e7fa759b1559124f466418cc077c8d8.jpg', 'thumb': 'https://rev-static.yogiyo.co.kr/3e7fa759b1559124f466418cc077c8d8_tn.jpg'}]",cj**,22566019,True,,"고객님~ 최고의 칭찬 감사드려요^^
짠맛이 과하지 않아 고객님들이 좋아하시는 골드킹메뉴랍니다. 앞으로도 많이 이용해주세요 ~",2020-02-21 14:07:57,6746497.0
145,"골드윙  첫주문
맛있게  먹었습니다",5,False,False,,1,"골드킹 윙/1,블랙올리브/1",0,False,tn**,5,5,False,5.0,True,2020-02-13 16:42:25,[],tn**,22322548,True,,"고객님 고맙습니다~
요즘 윙제품이 시리즈로 나와서 반응이 좋습니다.
가끔 품절이 잘된다는게 단점이지만요^^
신선한 제품으로 조리하기 위해서 노력하겠습니다~


",2020-02-14 13:32:39,6645518.0
146,핫후라이드를 시켰어요. 매콤하고 짭짤해요. 튀김옷도 바삭바삭하고 먹는내내 따뜻하게 잘 먹었습니다. 배달도 빨랐고 만족스러운 야식이었습니다.,5,False,False,,1,핫후라이드/1(추가메뉴(콜라1.25L)),0,False,jh**,5,5,False,5.0,True,2020-02-12 11:02:51,"[{'full': 'https://rev-static.yogiyo.co.kr/2d4ed1ad97c3eff62293a42bf04de7a6.jpg', 'thumb': 'https://rev-static.yogiyo.co.kr/2d4ed1ad97c3eff62293a42bf04de7a6_tn.jpg'}, {'full': 'https://rev-static.yogiyo.co.kr/8e1ef13daa94906b517ccd6f7314671f.jpg', 'thumb': 'https://rev-static.yogiyo.co.kr/8e1ef13daa94906b517ccd6f7314671f_tn.jpg'}]",jh**,22275035,True,,"고객님 사진이 참 예쁩니다~
치킨이 정말 먹음직스러워요^^
저희 bhc 자주 이용해주세요~~

",2020-02-12 18:08:22,6620336.0
147,기존에 마초킹 맵스터를 다 좋아해서 다른걸로 시켰는데 이번껀 솔직히 제 취향이 아닌듯 배달도 맛도 양도 다 좋으나 그냥 기존에 시키는걸로 시켜야긋네요 ㅋ 맛나게 잘 먹긴했습니다 ㅋ,5,False,False,,4,마라칸순살/1,0,False,gl**,5,5,False,5.0,True,2020-02-09 14:26:22,[],gl**,22167218,True,,"고객님 취향이 아니셨다니 제가 다 아쉽습니다.
마라 특유의 향과 맛 때문에 호불호가 갈리는 것 같아요. 하지만 또 이것만 주문 주시는 고객님도 많답니다^^  다음번에 고객님께서 좋아하는 메뉴로 주문주시면 더욱 정성껏 조리 해 드릴게요~~ 고맙습니다.
",2020-02-09 15:10:07,6569269.0
148,"연경점에서 세번째  배달해 먹습니다.
일단 기름이 신선하구요!
바삭바삭 정말 맛있게 해주셔서,
잘 먹었습니다.
순삭되어..^^
골드윙 사진을 못찍었지만!
자꾸 생각납니다!^^
사장님!
대박나세요!^^",5,False,False,,1,골드킹 윙/1,0,False,   손,4,5,False,5.0,True,2020-02-09 09:16:36,[],손님,22158595,True,,"고맙습니다  고객님
요즘같은 시국에 신선함과 위생에 더욱더
신경쓰고 있습니다. 언제나 안전한 먹거리로 믿고 드실 수 있도록 최선을 다하겠습니다 
 자주 불러주세요~~~",2020-02-09 14:26:48,6568644.0
149,맛나구요 확실히 다른대보다 기름지지 않게 신경써서 해서 오는거 같아 맛나게 먹고 리뷰 쓰네요 강추,5,False,False,,4,맵스터순살/1,0,False,gl**,5,5,False,5.0,True,2020-02-05 14:21:48,[],gl**,22013803,True,,"고객님 감사합니다.
맛있게 드셨다니 흐믓합니다.
날씨가 추우니 건강 챙기세요~~~",2020-02-07 14:13:21,6540326.0
150,비오는 날에도 항상 맛있는 치킨 만들어 주셔서 감사합니다.,5,False,False,,3,골드킹 윙/1,0,False,fa**,5,5,False,5.0,True,2020-01-29 22:02:18,"[{'full': 'https://rev-static.yogiyo.co.kr/b863adb70198dc2a702564375abdb556.jpg', 'thumb': 'https://rev-static.yogiyo.co.kr/b863adb70198dc2a702564375abdb556_tn.jpg'}]",fa**,21760009,True,,"고객님~
자주 이용해 주시고 늘 칭찬해 주셔서 감사해요.
맑은 날도 비오는 날도 정성껏 준비하겠습니다^^
",2020-01-29 23:15:27,6414134.0
151,양도 충분하고 깔끔하게 포장되서오고 배달이 빨라서 너무 좋아서 평 남기네요^^,5,False,False,,1,뿌링클/1,0,False,sh**,4,5,False,5.0,True,2020-01-28 17:22:32,[],sh**,21719705,True,,"고객님, 고맙습니다.
깨끗하고 맛좋고 배달까지 칭찬주셔서 기분이 날아갑니다. 더욱더 노력하겠습니다~",2020-01-28 23:46:51,6400188.0
152,급하게 먹느라 사진을 늦게 찍었네여~~기름이 깨끗해 보여 만족스럽습니다. 맛있게 잘먹었어여~,5,False,False,,1,후라이드 반／양념 반/1,0,False,kf**,5,5,False,5.0,True,2020-01-27 19:25:04,"[{'full': 'https://rev-static.yogiyo.co.kr/5ca784f9aafc5f87deecec6d8c974f1a.jpg', 'thumb': 'https://rev-static.yogiyo.co.kr/5ca784f9aafc5f87deecec6d8c974f1a_tn.jpg'}]",kf**,21692154,True,,"고객님 고맙습니다 
우리 아이가 치킨을 자주 먹습니다 꼭 그래서 그런건 아니지만 항상 내아이가 먹는다는 마음으로 기름을 관리하고 있습니다 
항상 만족스러울 수 있도록 노력하겠습니다 ",2020-01-28 00:18:18,6384870.0
153,역시나 치밥하기 좋네요. 골드킹과 레드킹 둘다 합격점 드립니다. 잘 먹었습니다.,5,False,False,,1,레드킹 윙/1,0,False,ba**,5,5,False,5.0,True,2020-01-21 16:23:28,[],ba**,21509086,True,,"고객님 감사드려요.
골드킹,레드킹 연속 주문주셨네요.
칭찬리뷰에 힘입어 더욱 열심히 하겠습니다^^",2020-01-22 16:57:02,6332715.0
154,치밥하기 딱 좋은 메뉴네요. 다음번엔 레드로 시켜볼게요^^ 잘 먹었습니다.,5,False,False,,1,골드킹 윙/1,0,False,ba**,5,5,False,5.0,True,2020-01-19 14:59:23,[],ba**,21433989,True,,"고객님 고맙습니다 
신제품  골드킹윙이 반응이 좋아 매우 기분이 좋습니다. 앞으로도 잘 부탁드립니다  저도 정성껏 만들어 보답하겠습니다. 감사합니다 ",2020-01-19 21:36:52,6293719.0
155,맛있었어요😍😍또 먹어야징,5,False,False,,1,"뿌링클순살/1,콜라1.25L¸/1",0,False,y9**,5,5,False,5.0,True,2020-01-18 13:24:40,[],y9**,21388241,True,,"고객님 고맙습니다 
5점 주신거 부끄럽지않게 최선을 다하겠습니다 ",2020-01-19 21:38:35,6293782.0
156,친절하시구 맛있었어요😍,5,False,False,,1,후라이드 반／양념 반/1,0,False,y9**,5,5,False,5.0,True,2020-01-18 13:24:08,[],y9**,21388217,True,,"고객님 고맙습니다 
칭찬해주셔서 감사하고 항상 겸손하게 행동 하겠습니다 ",2020-01-19 21:45:28,6293910.0
157,"👍👍👍👍👍
👏👏👏👏👏",5,False,False,,3,해바라기핫후라이드치킨/1,0,False,fa**,5,5,False,5.0,True,2020-01-12 19:25:26,"[{'full': 'https://rev-static.yogiyo.co.kr/20d419bb8b2f4aa0bcc1528b2d16b5d1.jpg', 'thumb': 'https://rev-static.yogiyo.co.kr/20d419bb8b2f4aa0bcc1528b2d16b5d1_tn.jpg'}]",fa**,21189663,True,,"고객님, 고맙습니다.
열심히 할게요~~~~",2020-01-16 14:26:55,6247902.0
158,bhc 후라이부터 다 맛있어용 ㅎㄹ,4,False,False,,1,"후라이드 반／양념 반/1,머스타드소스/1",0,False,   손,5,4,False,5.0,True,2020-01-12 11:45:58,[],손님,21168475,True,,"고객님, 고맙습니다.
맛있게 드셨다니 기분이 좋습니다.
항상 열심히 할게요~~~",2020-01-16 14:28:50,6247925.0
159,세번째 시켜 먹는데 맛초킹으로 함 시켜봤거든요 정말 맛나고 기름을 쫘악 빼줘서 바삭하고 정말 신경 써줘서 배달해주는듯 강추요,5,False,False,,3,순살맛초킹/1,0,False,gl**,5,5,False,5.0,True,2019-12-23 15:28:08,[],gl**,20493189,True,,"고객님 고맙습니다.
항상 정성을 다해 조리할게요^^",2019-12-24 21:02:11,5935318.0
160,길게 안쓸께요~^^👍👍👍👍👍👍,5,False,False,,3,"해바라기핫후라이드치킨/1,콜라1.25L¸/1",0,False,fa**,5,5,False,5.0,True,2019-12-22 20:48:57,"[{'full': 'https://rev-static.yogiyo.co.kr/fc1891d46f45ed74ba743d0a2e22f349.jpg', 'thumb': 'https://rev-static.yogiyo.co.kr/fc1891d46f45ed74ba743d0a2e22f349_tn.jpg'}]",fa**,20477253,True,,"고객님 최고의 칭찬 감사드려요~
계속 열심히 하겠습니다^^",2019-12-24 20:30:09,5935096.0
161,"치밥하기에 최고의 메뉴같습니다.
때깔보구 많이 매울것 같았는데 안맵습니다.
따듯한 밥 한공기와 먹음 정말좋을것같습니다.
항상 웃으며 배달해주시는 사장님도 감사합니다.",5,False,False,,3,레드킹 윙/1,0,False,fa**,5,5,False,5.0,True,2019-12-20 16:21:03,"[{'full': 'https://rev-static.yogiyo.co.kr/d0e6942b66fe87ea32af4124f25374a5.jpg', 'thumb': 'https://rev-static.yogiyo.co.kr/d0e6942b66fe87ea32af4124f25374a5_tn.jpg'}]",fa**,20399379,True,,"고객님 고맙습니다 
구체적이고 상세히 적어 주셔서 감사합니다   사실 리뷰이벤트가 없음에도 이렇게 리뷰를 남겨주시는건 정성이 필요한 일입니다 다시한번 감사의 말씀을 드립니다 
",2019-12-21 15:28:08,5894287.0
162,"너무너무 맛있습니다.

고민 하지마세요

그 시간마져 아까워요.
먹는 순간 행복해집니다.
고기 맛이 깔끔하고 최고 입니다.

연경 천년나무 1단지 101동에서",5,False,False,,1,후라이드 반／양념 반/1,0,False,gu**,5,5,False,5.0,True,2019-12-15 22:04:09,"[{'full': 'https://rev-static.yogiyo.co.kr/6723a65c6a0216e3e477b796da019447.jpg', 'thumb': 'https://rev-static.yogiyo.co.kr/6723a65c6a0216e3e477b796da019447_tn.jpg'}]",gu**,20274130,True,,"고객님 고맙습니다 
하루의 피로를 한방에 날려 버리는 비타민같은 리뷰 입니다
초심 잃지 않고 열심히 하겠습니다 ",2019-12-15 23:55:24,5821719.0
163,"맛쵸킹 맛나게 잘 먹었습니다.

교촌보다 훨씬 맛나고 좋았습니다 .
닭 비릿네가 날수도 있는데 

BHC같은경우 고소하고 싱싱하고 맛났습니다.

마니 파세요",5,False,False,,1,맛초킹（한마리）/1,0,False,gu**,5,5,False,3.0,True,2019-12-15 21:48:04,[],gu**,20273419,True,,"고객님 고맙습니다 
 교촌을 넘어 최고가 되도록  노력하겠습니다 
그리고 자주 뵐 수 있으면 좋겠습니다 ^^",2019-12-16 00:06:33,5822030.0
164,"역시!!최고ㅋㅋㅋ
항상 맛있게 잘 먹구 있습미다앗!!",5,False,False,,3,후라이드 반／양념 반/1,0,False,fa**,5,5,False,5.0,True,2019-12-15 21:35:10,"[{'full': 'https://rev-static.yogiyo.co.kr/a29801d3cc605ee80d8a596404592a38.jpg', 'thumb': 'https://rev-static.yogiyo.co.kr/a29801d3cc605ee80d8a596404592a38_tn.jpg'}]",fa**,20272829,True,,"고객님 
bhc 연경점을 자주 찾아 주셔서 고맙습니다
단골분들덕에 소신껏 양심껏 일할 수 있는것 같습니다^^",2019-12-16 00:18:46,5822184.0
165,"무슨 말이 필요할까요ㅎㅎ그저 맛있슴다.
기름냄새 안나고 기름기 쭉 다빼서 주시구
넘넘 맛납니다!!",5,False,False,,3,맛초킹（한마리）/1,0,False,fa**,5,5,False,5.0,True,2019-12-10 20:22:16,"[{'full': 'https://rev-static.yogiyo.co.kr/0c9c4295f1561f2788bbee7a3b55ecd8.jpg', 'thumb': 'https://rev-static.yogiyo.co.kr/0c9c4295f1561f2788bbee7a3b55ecd8_tn.jpg'}]",fa**,20061452,True,,"고객님 맛있게 드셨다니 감사드립니다.
더욱 노력하겠습니다~",2019-12-11 14:17:07,5751406.0
166,"명불허전 bhc
배달 빠르고 맛있어요^^",5,False,False,,1,해바라기후라이드치킨/1,0,False,kt**,5,5,False,5.0,True,2019-12-10 19:12:51,[],kt**,20055748,True,,"고객님 감사합니다.
앞으로도 많은 이용바랍니다~",2019-12-11 14:18:59,5751430.0
167,"역시!! 닭상태 좋구..기름 쭉 빠졌구..
너무 맛있네요..
오자마자 한입 베어 물었는데ㅠ너무 좋네요.!!!",5,False,False,,3,해바라기핫후라이드치킨/1,0,False,fa**,5,5,False,5.0,True,2019-12-08 19:40:20,"[{'full': 'https://rev-static.yogiyo.co.kr/d152da1e8f4b50b79c4ef52d39727adf.jpg', 'thumb': 'https://rev-static.yogiyo.co.kr/d152da1e8f4b50b79c4ef52d39727adf_tn.jpg'}]",fa**,19980628,True,,"고객님 감사드려요.
특히나 후라이드는 기름 빼는데 정성을 기울이는데
알아봐 주시니 기분이 좋습니다.
더욱 신경쓰겠습니다~",2019-12-10 13:47:19,5734679.0
168,두번째 시켜먹는데 맛나구요 바삭하게 배달되서 좋네요 빨리오구요,5,False,False,,3,치하오순살/1,0,False,gl**,5,5,False,5.0,True,2019-12-08 18:57:21,[],gl**,19977444,True,,"고객님 감사합니다.
양념에 버무려지는데도 바삭하다는 표현 듣기 좋은것 같아요. 더욱 분발하겠습니다~",2019-12-10 14:00:57,5734894.0
169,호불호가 확 갈린다고 해서 걱정을 좀 했는데 저한테는 잘 맞았어요~ 생각도 못한 수첩까지! 👍👍👍👍👍,5,False,False,,1,"블랙올리브순살/1(추가메뉴(뿌링소떡,빨간소떡))",0,False,ls**,5,5,False,5.0,True,2019-12-08 13:30:25,"[{'full': 'https://rev-static.yogiyo.co.kr/6af7beabedaaa06bbfcbd975532b95e3.jpg', 'thumb': 'https://rev-static.yogiyo.co.kr/6af7beabedaaa06bbfcbd975532b95e3_tn.jpg'}, {'full': 'https://rev-static.yogiyo.co.kr/c00d4bf197b466eba7084a6ce8422ea2.jpg', 'thumb': 'https://rev-static.yogiyo.co.kr/c00d4bf197b466eba7084a6ce8422ea2_tn.jpg'}]",ls**,19960339,True,,"고객님 
블랙올리브 맛있게 드셨다니 감사드립니다.
신제품 기념 다이어리도 맘에 드셔서 다행입니다^^
앞으로도 많이 이용해주세요~",2019-12-10 14:07:13,5734992.0
170,뿌링클 가루 넉넉하게 뿌려져 있어서 좋았고 빠르고 친절하셨어요.,5,False,False,,2,"순살뿌링클/1,콜라1.25L¸/1",0,False,is**,5,5,False,5.0,True,2019-12-08 12:46:52,"[{'full': 'https://rev-static.yogiyo.co.kr/8c78806baf60922f4afc9cc2b159b7a5.jpg', 'thumb': 'https://rev-static.yogiyo.co.kr/8c78806baf60922f4afc9cc2b159b7a5_tn.jpg'}]",is**,19958659,True,,"고객님 고맙습니다.
더욱 발전하도록 할게요~~",2019-12-10 14:32:22,5735359.0
171,처음 시켜먹는데 맛있어요~~!,5,False,False,,1,"순살뿌링클/1,달콤바삭치즈볼/1",0,False,dm**,5,5,False,5.0,True,2019-12-01 20:30:18,[],dm**,19757251,True,,"고객님 고맙습니다 
늘 정성을 다하겠습니다
단골고객이 되어주세요^^",2019-12-01 22:17:36,5618448.0
172,핫뿌링클도 맛있고 치즈볼도 엄청 맛있었은데 소떡소떡은 덜익었는지 떡 안쪽이 생떡국 씹는 느낌이었어요ㅠㅠ 소시지는 맛있엇습니당,4,False,False,,2,"뿌링클HOT/1(추가메뉴(뿌링뿌링소스)),뿌링소떡/1,달콤바삭치즈볼/1",0,False,le**,4,4,False,5.0,True,2019-11-28 14:56:58,"[{'full': 'https://rev-static.yogiyo.co.kr/bbee4aa3836e925cb12696c224ea3305.jpg', 'thumb': 'https://rev-static.yogiyo.co.kr/bbee4aa3836e925cb12696c224ea3305_tn.jpg'}]",le**,19635705,True,,"고객님 
핫뿌링클 치즈볼 맛있게 드셨는데 소떡이 그랬다니 죄송하고 속상하네요
원인을 잘 분석해 다시 이런일이 없도록 하겠습니다
 이번건은 다음주문시 메모란에 남겨주시면 다시 해드리도록 하겠습니다  감사합니다 ",2019-11-28 23:40:01,5585520.0
173,"배달도 빠르게 왔고 양도 넉넉하네요~ 맛있게
잘 먹을게요.",4,False,False,,1,"뿌링클/1(추가메뉴(뿌링뿌링소스,뿌링치즈볼))",0,False,hy**,3,3,False,3.0,True,2019-11-26 17:34:33,"[{'full': 'https://rev-static.yogiyo.co.kr/e0955b6c13fb06125400042f0ccd1d3b.jpg', 'thumb': 'https://rev-static.yogiyo.co.kr/e0955b6c13fb06125400042f0ccd1d3b_tn.jpg'}]",hy**,19583416,True,,"고맙습니다 고객님~
별점5점 받는 그날까지 분발하겠습니다^^
",2019-11-26 23:31:50,5561387.0
174,"치킨이 맛이 없는게 아니라...개인적인 호불호가 갈릴듯 합니다.~^^
그러나 배달과 배달해주시는 분들 다들 너무 친절합니다.",5,False,False,,1,블랙올리브순살/1,0,False,fa**,4,3,False,5.0,True,2019-11-15 18:07:19,"[{'full': 'https://rev-static.yogiyo.co.kr/c123829f45c1ba062c4148b8d5788ee3.jpg', 'thumb': 'https://rev-static.yogiyo.co.kr/c123829f45c1ba062c4148b8d5788ee3_tn.jpg'}]",fa**,19182889,True,,"고객님 고맙습니다 
신제품의 경우 다양한 리뷰가 무엇보다 중요한데 소중한 의견 감사합니다 
배달에 대한 칭찬도 고맙습니다 ",2019-11-15 21:03:25,5393627.0
175,배달도 빠르고 맛있음,5,False,False,,1,뿌링클/1,0,False,qu**,5,5,False,5.0,True,2019-11-14 09:14:31,"[{'full': 'https://rev-static.yogiyo.co.kr/d44aa6fe4e8f4fb022f1eb0725c0d2e0.jpg', 'thumb': 'https://rev-static.yogiyo.co.kr/d44aa6fe4e8f4fb022f1eb0725c0d2e0_tn.jpg'}, {'full': 'https://rev-static.yogiyo.co.kr/e5bf83521283875671aa09059e9d1d57.jpg', 'thumb': 'https://rev-static.yogiyo.co.kr/e5bf83521283875671aa09059e9d1d57_tn.jpg'}]",qu**,19118722,True,,"고객님, 소중한 댓글 고맙습니다.
항상 분발하겠습니다~",2019-11-14 15:12:02,5372940.0
176,"블랙올리브 느끼하지않고 맛있네요
잘 먹었습니다",5,False,False,,1,블랙올리브/1,0,False,kt**,5,5,False,5.0,True,2019-11-13 21:36:18,[],kt**,19109227,True,,"고객님 고맙습니다 
신제품인 블랙올리브치킨 맛있다고들 해주셔서 힘이납니다
더욱더 정성을 다하겠습니다 ",2019-11-13 21:53:30,5365199.0
177,맛있게 잘먹었습니다,4,False,False,,1,순살소이바베큐/1,0,False,fa**,3,5,False,5.0,True,2019-11-06 18:31:03,[],fa**,18820709,True,,"고객님 고맙습니다.
계속해서 맛있게 따뜻하게 배달할 수 있게 노력할게요~",2019-11-07 12:59:56,5273413.0
178,언제 먹어도 맛있는 곳!,5,False,False,,2,뿌링클/1,0,False,wk**,5,5,False,5.0,True,2019-11-01 15:29:48,[],wk**,18640054,True,,"고객님 고맙습니다 
날씨가 추워지고 있습니다 치킨이 식지 않게 최선을 다해서 언제나 맛있도록 하겠습니다 ",2019-11-01 21:29:45,5198612.0
179,"결론 부터 말씀 드리자면 맛있었습니다 간이나 염도 같은경우에는 다른치킨에 비해 약합니다만 그렇다해서 싱거워서 뭘 소스에 찍어 먹어야 겠다 그정도 까진 아니고 적당하다고 생각합니다. 맵지는 않고 매콤, 치킨의 겉은 해바라기 후라이드 처럼 크리스피한 식감이 아닌 맛초킹의 식감이랑 흡사합니다. 이 메뉴의 매력이 발사믹식초로 느끼함을 덜하고 마치 중국음식중에 깐풍기나 탕수육을 간장식초에 버무린 음식이 있습니다. 그 음식 생각하면 맛이 이해하기가 쉬울 것 같습니다. 선입견때문에 못드시는분들이 많을것 같은데 전 개인적으로 만족했던 메뉴 입니다",5,False,False,,4,블랙올리브/1,0,False,sp**,5,5,False,5.0,True,2019-10-25 21:07:36,"[{'full': 'https://rev-static.yogiyo.co.kr/7b766cf07dfa53dacba425d9a14fb8f5.jpg', 'thumb': 'https://rev-static.yogiyo.co.kr/7b766cf07dfa53dacba425d9a14fb8f5_tn.jpg'}, {'full': 'https://rev-static.yogiyo.co.kr/61936f4582e8259069b71c4fe3f1170e.jpg', 'thumb': 'https://rev-static.yogiyo.co.kr/61936f4582e8259069b71c4fe3f1170e_tn.jpg'}]",sp**,18408644,True,,"고객님 고맙습니다 
오늘 고객님께 블랙올리브치킨이 처음 나갔습니다 저희는 리뷰가 절실한 상황이라 평을 부탁드렸는데 너무도 상세히 적어주셔서 감사합니다 
상당히 큰 도움이 되었습니다 
치킨튀김옷은 맛초킹보다는 조금더 바싹거리는 강정을 만들때 사용하는것과 비슷한걸 사용합니다
좀 짜게 느끼실까, 발사믹 소스때문에 너무 시큼할까 
걱정했는데 간도 적절하고 시큼함은 느끼함을 잡아주는 정도라니 다행입니다
정성을 다해 조리하겠습니다. ",2019-10-26 00:56:25,5101480.0
180,여전히 좋았습니다👍,5,False,False,,2,순살뿌링클HOT/1,0,False,ls**,5,5,False,5.0,True,2019-10-15 14:57:21,[],ls**,17903748,True,,"고객님 고맙습니다 
초심 잃지않고 한결같이 유지해 나가겠습니다 ",2019-10-15 21:01:36,4959211.0
181,뿌링클 맛집이군요 다른메뉴도 시켜먹어야겠어요!’,5,False,False,,1,뿌링클＋치즈볼/1,0,False,   손,5,5,False,5.0,True,2019-10-03 17:36:58,[],손님,17387849,True,,"고객님 고맙습니다 
맛집이라는 평가는 처음인데 아주 감동적입니다
프랜차이즈 맛집은 의미가 남다르네요
진정 맛집이 될 수 있도록 더 노력 하겠습니다 ~",2019-10-03 21:29:25,4781824.0
182,배달도 빠르고 맛도 있어요 :),5,False,False,,2,뿌링클＋뿌링감자/1,0,False,ch**,5,5,False,5.0,True,2019-09-28 18:27:40,"[{'full': 'https://rev-static.yogiyo.co.kr/fe86c1c8a08c3e6846957d8a6733756a.jpg', 'thumb': 'https://rev-static.yogiyo.co.kr/fe86c1c8a08c3e6846957d8a6733756a_tn.jpg'}, {'full': 'https://rev-static.yogiyo.co.kr/9e80b6757c1ce6aabe8270e7d4f64a39.jpg', 'thumb': 'https://rev-static.yogiyo.co.kr/9e80b6757c1ce6aabe8270e7d4f64a39_tn.jpg'}]",ch**,17201260,True,,"고객님 고맙습니다 
역대급 사진이 나왔네요
제가 봐도 먹고 싶네요~
사진도 이리 정성껏 찍어 주시는데
치킨은 더 정성껏 만들지 않을 수가 없네요
다시한번 감사드립니다
",2019-09-28 20:53:23,4717217.0
183,"배달이 빨라서 놀랐고 맛있어서 놀랐습니다^^
뜨끈할때 먹는다고 사진도 못 찍었네요.
잘 먹었습니다~~ 
사업 번창하세요~ ~",5,False,False,,1,순살뿌링클/1(추가메뉴(뿌링치즈볼)),0,False,   손,5,5,False,5.0,True,2019-09-18 19:04:32,[],손님,16802287,True,,"사진이 없어도 괜찮습니다^^
맛있게 드시는게 더 중요하니까요~~
고맙습니다.",2019-09-20 08:04:19,4603237.0
184,"바삭클인데 눅눅하게 왔음
다신 주문하고 싶지 않네요",2,False,False,,1,"바삭클/1(추가메뉴(뿌링감자,뿌링치즈볼))",0,False,   손,1,2,False,4.0,True,2019-09-10 15:28:56,[],손님,16547222,True,,"고객님 저희 치킨이 불만이었다니
너무도 죄송합니다 
변명처럼 들릴 수 있지만 곰곰히 생각해보건데
시원한 콜라와 치킨무가 감자 치즈볼박스에 닿지 않도록 하기위해 치킨박스위에 2단으로 쌓으면서 김이 빠져나가는 구멍을 막은게 원인이 아닌가 싶습니다
따뜻함을 최대한 유지하려 하다 역효과가 난 것 같습니다  어쨌든 저희의 불찰이고 사과드리겠습니다 
앞으로는  이런일이 재발하지 않도록 더 섬세하게 신경 쓰겠습니다 
너그러이 양해를 구합니다
다시한번 주문의 기회가 주어진다면 정성을다해 준비하겠습니다 
감사합니다 ",2019-09-11 23:59:59,4511065.0
185,맛은 괜찮았는데~ 다른곳보다 양이 많이 작네요.,4,False,False,,2,뿌링클/1(추가메뉴(빨간소떡)),0,False,bi**,3,5,False,5.0,True,2019-08-31 19:47:43,[],bi**,16044470,True,,"안녕하세요 고객님 
맛있게 드셨다니 다행인데 양이 적었다니 안타깝네요. 원래 10호닭의 중량범위가 951g ~1050g이다보니 양이 많을때와 적을때의 차이가 100g정도 납니다. 저희도  이번 입고분은 생각보다 작아 신경이 쓰였습니다. 하지만 어떨때는 치킨박스가 닫기지 않을 정도로 양이 많을때도 있어 본사에 컴플레인도 어려운 점이 있습니다.
너그러이 이해 부탁드리고 양이 좀 아쉬웠던점은 다음에  메모란에 적어주시면 써비스로 보답하겠습니다. 감사합니다.",2019-09-01 15:50:54,4339097.0
186,"짱짱 맛있어요 
배달 빨라요
친절해요",5,False,False,,3,해바라기후라이드치킨/1,0,False,kt**,5,5,False,5.0,True,2019-08-28 19:58:17,"[{'full': 'https://rev-static.yogiyo.co.kr/8d136b927814d838f3116c09a725b85f.jpg', 'thumb': 'https://rev-static.yogiyo.co.kr/8d136b927814d838f3116c09a725b85f_tn.jpg'}]",kt**,15897489,True,,"칭찬리뷰 감사합니다^^
더욱 열심히 하겠습니다~",2019-08-31 16:40:28,4326558.0
187,빨리 오고 너무 맛있어요  따듯한게 너무좋아요,5,False,False,,1,뿌링클/1(추가메뉴(뿌링소떡)),0,False,ch**,5,5,False,5.0,True,2019-08-22 18:57:23,"[{'full': 'https://rev-static.yogiyo.co.kr/fcb7885553125cf8d90ef62a6d02f465.jpg', 'thumb': 'https://rev-static.yogiyo.co.kr/fcb7885553125cf8d90ef62a6d02f465_tn.jpg'}]",ch**,15667930,True,,"더운여름 뿌링시즈닝이 눅눅해질까 걱정이 되는데
맛있게 드셨다니 마음이 놓여요^^
감사합니다~~",2019-08-24 16:06:56,4229091.0
188,배달 엄청 빨리 왔어요 맛있게 잘 먹었습니다,5,False,False,,3,후라이드＋치즈볼/1,0,False,   손,5,5,False,5.0,True,2019-08-11 15:14:31,[],손님,15171397,True,,"최대한 빨리 실수없이 배달하려고 노력한답니다.
맛있게 드셨다니 감사해요^^",2019-08-24 16:05:11,4229057.0
189,핫후라이드 첨 먹어봤는데 매콤하게 맛있네요ㅋㅋ 앞으로 단골될 거 가타요,5,False,False,,3,해바라기핫후라이드치킨/1,0,False,   손,5,5,False,5.0,True,2019-08-06 21:55:12,[],손님,14931430,True,,"핫시즈닝 때문에 튀김색이 이뿌진 않지만 매콤한 맛좋아하시는 분들이 자주 찾으신답니다.^^
",2019-08-24 16:03:28,4229032.0
190,잘 먹었습니다~^^,5,False,False,,1,맛초킹（한마리）/1,0,False,   손,5,5,False,5.0,True,2019-07-31 14:17:13,[],손님,14668486,True,,"고맙습니다~~
항상 변함없는 맛으로 보답하겠습니다^^",2019-08-24 16:00:58,4229001.0
191,"와우
가격이 천원씩 내렸네요 
요즘 세상에 내리는게 있다니
아주 반갑습니다 
맛은 변함 없네요♡♡♡♡♡",5,False,False,,1,해바라기후라이드치킨/1,0,False,kt**,5,5,False,5.0,True,2019-07-30 19:51:28,"[{'full': 'https://rev-static.yogiyo.co.kr/80e5aa1593dca06a624eadb43808e3a1.jpg', 'thumb': 'https://rev-static.yogiyo.co.kr/80e5aa1593dca06a624eadb43808e3a1_tn.jpg'}]",kt**,14648631,True,,천원씩 인하해서 힘이들지만 더더욱 많이 이용해주시면 힘이 날것같아요.^^,2019-08-24 15:59:39,4228982.0
192,핫후라이드와 뿌링소떡! 두말할데가 없네요~👍👍👍👍👍,5,False,False,,2,해바라기핫후라이드치킨/1,0,False,ls**,5,5,False,5.0,True,2019-07-28 13:36:55,"[{'full': 'https://rev-static.yogiyo.co.kr/7a0551722afbf3187fdbe391d6774f59.jpg', 'thumb': 'https://rev-static.yogiyo.co.kr/7a0551722afbf3187fdbe391d6774f59_tn.jpg'}]",ls**,14571165,True,,"칭찬 감사합니다.
소떡 덜 익었다고 말씀해주신 덕분에 알맞게 튀길수 있었어요. 감사합니다~~",2019-08-24 15:57:50,4228959.0
193,"한번도 실패한 적이 없네요
정말 맛있어요",5,False,False,,1,해바라기후라이드치킨/1,0,False,kt**,5,5,False,5.0,True,2019-07-27 17:38:47,"[{'full': 'https://rev-static.yogiyo.co.kr/31ffc2b6e864483ebe4454d5afb0bf93.jpg', 'thumb': 'https://rev-static.yogiyo.co.kr/31ffc2b6e864483ebe4454d5afb0bf93_tn.jpg'}]",kt**,14536169,True,,"맛있게 드셨다니 감사합니다.
많이 애용해주세요~",2019-08-24 15:55:15,4228928.0
194,맛납니다맛나요맛나맛나,5,False,False,,1,"후라이드 반／양념 반/1(추가메뉴(커리딥소스,뿌링소떡))",0,False,sk**,5,5,False,5.0,True,2019-07-26 00:27:27,[],sk**,14457410,True,,고객님~ 맛나게 드셨다니 저희 또한 기분이 좋습니다. 맛이 변치않게 노력하겠습니다~,2019-07-26 21:02:49,3835414.0
195,해바라기 핫후라이드??추천합니당~~후라이드 좋아하는데 넘 맛있어용 적당히 매콤하구요~~~,5,False,False,,1,해바라기핫후라이드치킨/1,0,False,kd**,5,5,False,5.0,True,2019-07-22 14:37:31,[],kd**,14296084,True,,"고객님 감사합니다 
핫후라이드는 핫시즈닝이 함유되어 튀김옷 색깔이 검게 나옵니다  절대 기름이 오래되거나 탄 게 아니니 안심하고 드세요
고맙습니다  열심히 하겠습니다 ",2019-07-22 22:15:24,3782240.0
196,비오는 와중에도 빨리 배달해주셔서 감사합니다.,5,False,False,,2,순살맛초킹/1,0,False,ch**,5,5,False,5.0,True,2019-07-20 22:46:38,"[{'full': 'https://rev-static.yogiyo.co.kr/288056a364983467c69da3d35384815b.jpg', 'thumb': 'https://rev-static.yogiyo.co.kr/288056a364983467c69da3d35384815b_tn.jpg'}]",ch**,14239610,True,,"고객님 고맙습니다 
모든 부분 만점을 주셨네요 
비오는날은 오토바이 고장도 잘 나고 퀵 기사님들도 쉬시는 분이 많아 배달이 불안불안 합니다
치킨  나왔는데 배달기사님 계속 늦으시면 제 속이 타들어갑니다.  차후 혹시 늦더라도 고객님의 넓은 이해로 배려 해주시면 감사하겠습니다 
최선을 다하겠습니다 ^^",2019-07-21 21:32:21,3769263.0
197,잘 먹었습니다. 번창하세요 ~~,5,False,False,,3,치하오/1,0,False,   손,5,5,False,4.0,True,2019-07-18 14:56:24,[],손님,14127304,True,,"고객님 맛있게 드셨다니 감사합니다 
아직 갈 길이 멀지만
이렇게 주문해주시는 분들 덕에 머지않아 번창할거 같아요^^",2019-07-18 20:31:42,3731398.0
198,"요기요 난리 법석에도 쿠폰 활용해
잘 먹었습니다 
지난번 보다 더 맛있었어요",5,False,False,,1,해바라기후라이드치킨/1,0,False,kt**,5,5,False,5.0,True,2019-07-13 14:29:18,"[{'full': 'https://rev-static.yogiyo.co.kr/67878d0d405e93f3415f9e60138c41f3.jpg', 'thumb': 'https://rev-static.yogiyo.co.kr/67878d0d405e93f3415f9e60138c41f3_tn.jpg'}]",kt**,13915968,True,,"고객님 고맙습니다 
특별한건 없는데 손이 좀 빨라졌다 해야할까요^^
좋게 봐 주셔서 감사합니다 
",2019-07-13 15:52:50,3659179.0
199,뿌링클은 역시 진리입니당 가루 넉넉히 뿌려달라고 했는데 넉넉히 해주셔서 더 맛있었어용 ~~~! 다음에 또 시켜먹을게요! 뿌링클 짱짱 ˘̴͈́ꈊ˘̴͈̀,5,False,False,,1,뿌링클/1,0,False,n9**,5,5,False,5.0,True,2019-07-06 16:50:28,"[{'full': 'https://rev-static.yogiyo.co.kr/bfca62704bf2ba61272e6f83def69ea8.jpg', 'thumb': 'https://rev-static.yogiyo.co.kr/bfca62704bf2ba61272e6f83def69ea8_tn.jpg'}]",n9**,13648819,True,,"고객닝 감사합니다 
요청사항에 적어주신 내용은 최대한 반영할려고 노력하고 있습니다 
만족하셨다니 다행입니다
자주 이용해 주세요~~~
",2019-07-07 15:36:47,3579849.0
200,순살은 처음 시켜봤는데 전부 뻑살인것같아서 조금 아쉬웠어용ㅠㅠ 그래도 뿌링가루 많이 뿌려주셔서 밥반찬으로 잘 먹었습니다 배달도 빨라요!,5,False,False,,3,"순살뿌링클/1,뿌링뿌링소스/2",0,False,le**,4,5,False,5.0,True,2019-07-02 12:30:59,"[{'full': 'https://rev-static.yogiyo.co.kr/5402d964c74fc358bdc35cc74da9ac07.jpg', 'thumb': 'https://rev-static.yogiyo.co.kr/5402d964c74fc358bdc35cc74da9ac07_tn.jpg'}]",le**,13507652,True,,순살은 신선육과 달리 냉동으로 들어오는 제품이라 bhc어딜가나 제품이 동일합니다. 본사에 순살제품 촉촉하게 할수없는지 건의해볼게요. 좋은 리뷰 감사합니다~,2019-07-02 14:53:11,3519052.0
201,제 최애메뉴 뿌링클입니다 뿌링뿌링소스 추가한게 하나 빠져왔지만 대처 잘 해주셨어요 :) 가족들도 좋아하다보니 일주일에 두번은 시키는듯.. 단골될게요💕,5,False,False,,3,"뿌링클/1(추가메뉴(뿌링뿌링소스,커리딥소스)),뿌링뿌링소스/1",0,False,le**,5,5,False,5.0,True,2019-07-02 12:29:25,"[{'full': 'https://rev-static.yogiyo.co.kr/ca50b25d7740a3cb36f74fd76c11871f.jpg', 'thumb': 'https://rev-static.yogiyo.co.kr/ca50b25d7740a3cb36f74fd76c11871f_tn.jpg'}]",le**,13507622,True,,"뿌링뿌링소스 하나 빼먹은거 기억나네요.
많이 당황했는데 너그러이 이해해주셔서 감사합니다. 앞으로 꼼꼼히 체크하도록 할게요~ 고맙습니다.",2019-07-02 14:42:51,3518868.0
202,"맛있게 잘 먹었어요
근데 떡을 조금만 더 익히면 좋을 거 같아요
안쪽이 덜 익은 부분이 있었어요",5,False,False,,1,"후라이드 반／양념 반/1(추가메뉴(뿌링소떡,빨간소떡))",0,False,ls**,5,5,False,5.0,True,2019-06-30 14:20:47,"[{'full': 'https://rev-static.yogiyo.co.kr/2ff618eceb228f8a0380e2a105d36ddc.jpg', 'thumb': 'https://rev-static.yogiyo.co.kr/2ff618eceb228f8a0380e2a105d36ddc_tn.jpg'}]",ls**,13438916,True,,"안녕하세요 고객님
먼저 불편드려 죄송합니다  소떡은 163도에서 2분30초가 매뉴얼인데 매뉴얼대로 했음에도 기름온도가 항상 일정하지 않다보니 덜 익은 부분이 생겼던것 같습니다  마지막에 건져 낼때 다시 한번 확인하도록 하겠습니다 좋은리뷰 감사드립니다
다음번에 꼭 얘기해주세요 소떡 그냥 드릴께요",2019-06-30 21:19:37,3498704.0
203,"맛초킹
저의 Best  메뉴입니다!!!

봉무점에서 시켜먹다가
연경점에서 시켜먹으니 더 맛있네용♡

앞으론 연경점에서 시킬께요!!!

배달도 퀵안쓰고 
친절한 배달원분 배달와주셔서 더 좋아요!!

대박나세용♡",5,False,False,,1,맛초킹（한마리）/1,0,False,   손,5,5,False,5.0,True,2019-06-28 21:25:35,"[{'full': 'https://rev-static.yogiyo.co.kr/4b560fde6bb82ed9aac490c89edf2c54.jpg', 'thumb': 'https://rev-static.yogiyo.co.kr/4b560fde6bb82ed9aac490c89edf2c54_tn.jpg'}]",손님,13377940,True,,"고객님 감사합니다 
치킨을 최상의 상태로 전해드리기 위해 숨은 노력을 하는데 맛있다니 정말 고맙습니다  그리고
배달퀵은 직원이 한명이라 어쩔 수 없이 쓸 수밖에 없 습니다 그분들이 직원같은 맘으로 할 순 없겠지만 최상의 상태로 친절히 배달 해달라고 항상 부탁드리고 있습니다  직원이 못가더라도 이해해주시면 고맙겠습니다 

",2019-06-29 19:05:32,3486451.0
204,불로이시아점은 넘 불친절하고 동서변은 넘 멀어서 배달이 안 됐었는데 가까이 새로 생겨서 너무 좋아요ㅠㅠ 뿌링클닭다리는 안 들어오나요?? 한마리도 넘 좋은데 닭다리를 더 좋아해서ㅠㅠ!!,5,False,False,,3,"뿌링클/1(추가메뉴(뿌링뿌링소스)),달콤바삭치즈볼/1",0,False,le**,5,5,False,5.0,True,2019-06-22 20:45:53,"[{'full': 'https://rev-static.yogiyo.co.kr/c673c0c9a1549bd1ddb07a65b369b2bd.jpg', 'thumb': 'https://rev-static.yogiyo.co.kr/c673c0c9a1549bd1ddb07a65b369b2bd_tn.jpg'}]",le**,13150173,True,,"고객님 리뷰감사합니다
닭다리의 경우 유통기한이 3일이라 지금 세대수로는 재고 관리에 어려움이 있슴을 이해해주시면 고맙겠습니다.  연경지구가 조금만 더 활성화되면 가능할듯 합니다.  치킨이 식지 않게, 눌리지않게 작은것에서부터 신경쓰고 있습니다.
요청사항에 요구사항 적어주시면 최대한 맞춰드리도록 할게요^^
",2019-06-23 19:23:53,3413674.0
205,맛도 서비스도 두말할데가 없습니다. 홀에서 먹을 때도 좋았고 배달도 좋네요~ 앞으로 변치않고 유지해 주시면 승승장구하실 것이에요,5,False,False,,1,순살뿌링클HOT/1(추가메뉴(뿌링소떡)),0,False,ls**,5,5,False,5.0,True,2019-06-22 20:07:21,[],ls**,13147972,True,,"홀도 오시고 배달도 시키셨네요 고맙습니다 
고객님 다음에 내점하시면 요기요 리뷰남긴 사람이라고 슬쩍 흘려주세요
써비스 좀 드리고 싶네요^^",2019-06-23 19:26:25,3413717.0
206,"안녕하세요 사장님
저 기억하시죠
일번지  
쿠폰써서 대박 싸게 먹었네요
맛나요 뿌링클도
자주 시킬게요",5,False,False,,1,뿌링클/1,0,False,kt**,5,5,False,5.0,True,2019-06-21 17:51:19,"[{'full': 'https://rev-static.yogiyo.co.kr/c0f1516a8a967e01061aac95818f5cae.jpg', 'thumb': 'https://rev-static.yogiyo.co.kr/c0f1516a8a967e01061aac95818f5cae_tn.jpg'}]",kt**,13090988,True,,"고맙습니다 고객님 
단골이 되어 주셨네요
뿌링클 씨즈닝 정량보다 넉넉히 뿌리는데
혹시 짤 수도 있을까봐 신경쓰여요
요청사항에 적어 주시면 맞춰 해드릴게요^^",2019-06-22 00:41:46,3393864.0
